dataset,kernel,n_trials,accuracy_mean,accuracy_std,accuracy_median,accuracy_ci_lower,accuracy_ci_upper,accuracy_min,accuracy_max,f1_mean,f1_std,f1_median,support_vector_prop_mean,support_vector_prop_std,support_vector_prop_median,training_time_mean,training_time_std,training_time_median,optimization_time_mean,optimization_time_std,optimization_time_median,n_optimization_trials,cv_folds,optimization_method
ecoli,linear,10,0.8655971479500891,0.009199225395903442,0.8647058823529411,0.8586604500760717,0.8725338458241065,0.8513368983957218,0.8811942959001783,0.8572677683467929,0.00915701392673067,0.8553204810650432,0.37728214543308636,0.0304453004269654,0.37880466854632483,0.0019579830206930635,0.00044983448638417917,0.0017072250368073583,0.44722700002603233,0.02091843921330166,0.45044714980758727,10,10,bayesian
ecoli,poly,10,0.8756773618538324,0.005839041381092776,0.8779411764705882,0.8712744187590189,0.8800803049486459,0.8662210338680927,0.8841354723707664,0.8668108214164885,0.006867009068087346,0.8691658957051627,0.3983807619172513,0.04360373887871124,0.39021484929949946,0.0027874080045148736,0.0013611422096715367,0.001803535083308816,0.5857359601184726,0.04275605984104863,0.5865807002410293,10,10,bayesian
ecoli,rbf,10,0.8682709447415329,0.006490469988115058,0.8674688057040998,0.8633767903502315,0.8731650991328342,0.8600713012477719,0.8785204991087344,0.859499285631232,0.007290266338741373,0.8604020115242061,0.4681529080060325,0.05332239452752538,0.45088846633007673,0.002733789994381368,0.00017824016737004924,0.002731339982710779,0.5282224799506366,0.01042005981285077,0.5297453498933464,10,10,bayesian
ecoli,custom_hermite,10,0.8706149732620322,0.0033590309363058786,0.8691176470588236,0.8680820879644279,0.8731478585596365,0.8662210338680927,0.8781639928698752,0.8629966694956425,0.0050586258285368535,0.8623783876363393,0.4677228815596791,0.03767689008741334,0.460814044980657,0.004198770010843874,0.0008447684458792356,0.0041293800109997395,0.7857810999732464,0.03366693582214298,0.782715949928388,10,10,bayesian
ecoli,custom_gegen,10,0.8721568627450982,0.004822924657062911,0.8718805704099821,0.868520124892138,0.8757936005980583,0.8631907308377895,0.8811051693404635,0.8632531077094209,0.004258875424433186,0.8629092079594567,0.42311531484274256,0.06523272316895029,0.39136231503945096,0.006136290989816189,0.0013777458384373656,0.0059980550082400445,1.8995265800040215,0.2764261289590453,1.8370837001129985,10,10,bayesian
ecoli,custom_alsalam,10,0.8662210338680927,0.00983555098797026,0.8704545454545454,0.8588045131620748,0.8736375545741105,0.8393048128342245,0.8724598930481283,0.8592948710230015,0.01045237477444961,0.8622129903458179,0.4501630494175245,0.029365480777083525,0.43832480930212225,0.005244123986922204,0.0006235047792804207,0.005139914900064468,0.8679135399870574,0.04030723586295472,0.8701154999434948,10,10,bayesian
glass,linear,10,0.6611038961038961,0.009591968812874893,0.6610389610389611,0.6538710491185901,0.6683367430892021,0.6448051948051947,0.6816017316017315,0.6293137781876523,0.009901375567822545,0.6281455916722392,0.7334377698618307,0.012384005578532541,0.7388250215889465,0.0017988070053979754,0.00024120131701439588,0.0017332600196823477,0.4352241900283843,0.014088224295563306,0.4365767501294613,10,10,bayesian
glass,poly,10,0.7131385281385281,0.010370676289749428,0.7107142857142859,0.7053184949210288,0.7209585613560273,0.7004329004329004,0.7331168831168832,0.6985428861054459,0.01203735224258145,0.6980083960546145,0.6530640112262521,0.013944427478795004,0.657591213298791,0.0030265270080417394,0.0003513046115778435,0.002917869971133769,0.4431346201337874,0.015465948426458036,0.4459198000840843,10,10,bayesian
glass,rbf,10,0.7178138528138528,0.012257295015028277,0.7148268398268398,0.7085712102420321,0.7270564953856735,0.7010822510822511,0.7389610389610389,0.7018226470638669,0.015082282330384328,0.6977939041466845,0.7112710492227978,0.044317169705006716,0.6817249568221071,0.001889764009974897,8.902580838410424e-05,0.0019176800269633532,0.4023596100509167,0.009195278363353985,0.40052955015562475,10,10,bayesian
glass,custom_hermite,10,0.704090909090909,0.009178331456897672,0.7076839826839827,0.6971699663414856,0.7110118518403323,0.6872294372294372,0.7188311688311687,0.6653332979089333,0.010523625952899606,0.6701135391383068,0.7971003346286701,0.02440443641915026,0.7988180051813472,0.002476492039859295,0.0001375679202687264,0.002499350090511143,0.4876876299735159,0.0069551875177063785,0.48939809994772077,10,10,bayesian
glass,custom_gegen,10,0.717034632034632,0.015158949938413343,0.7151515151515152,0.7056039896397892,0.7284652744294748,0.6956709956709956,0.7385281385281385,0.6969522936457719,0.024330957120132782,0.6976423215587303,0.6576878238341969,0.05949186907746912,0.6350010794473229,0.003769208970479667,0.0006227368950369579,0.003797704936005175,1.0350436700508,0.13295821190928558,1.0126587497070432,10,10,bayesian
glass,custom_alsalam,10,0.7195238095238096,0.02418801872819092,0.720021645021645,0.7012847762500675,0.7377628427975517,0.6673160173160173,0.7515151515151516,0.7060583183156713,0.026077694585310243,0.7075259964125511,0.6290320056131262,0.025429008354783827,0.6168366796200345,0.003281776010990142,0.0005429572328160524,0.0033186349552124738,0.594629230024293,0.0303005573191878,0.5930947500746697,10,10,bayesian
SPECTF,linear,10,0.7996581196581196,0.01086497782413607,0.7993589743589744,0.7914653571884128,0.8078508821278264,0.782905982905983,0.8166666666666667,0.7929931883942902,0.010055490523606889,0.7922838181845022,0.3735347510373444,0.028830414294317392,0.3778622060857538,0.002861316986382008,0.0016040140063056172,0.0021393200382590293,0.7238401000853628,0.04273671475207519,0.747262550285086,10,10,bayesian
SPECTF,poly,10,0.811923076923077,0.009555219598359697,0.8107549857549858,0.8047179407707192,0.8191282130754347,0.7941595441595442,0.8280626780626781,0.7945344923147327,0.03181879913601754,0.8001086207518651,0.4202256224066391,0.01343119646409317,0.41885027662517293,0.0018037460511550307,0.0008396779443614749,0.0013927299994975328,0.49280297993682326,0.030817963778443633,0.5041934000328183,10,10,bayesian
SPECTF,rbf,10,0.79497150997151,0.004035665583234298,0.7941595441595442,0.7919284067028443,0.7980146132401758,0.79002849002849,0.8054131054131053,0.7356294280118723,0.03553589258806956,0.7156713628231403,0.8786514522821577,0.21019674030389987,1.0,0.0019310849811881782,7.129447699565043e-05,0.001935885031707585,0.4292106400243938,0.013529727854379718,0.4251145999878645,10,10,bayesian
SPECTF,custom_hermite,10,0.7941595441595443,1.1102230246251565e-16,0.7941595441595442,0.7941595441595442,0.7941595441595444,0.7941595441595442,0.7941595441595442,0.7031421452014157,0.0,0.7031421452014157,0.4992871715076072,0.04812058499716431,0.5033272821576763,0.011329477028921248,0.003908372408194276,0.013813500013202428,1.6314426199533045,0.13793905633031087,1.6131860499735922,10,10,bayesian
SPECTF,custom_gegen,10,0.8056125356125357,0.0070776937796889995,0.8066239316239316,0.8002755837191319,0.8109494875059394,0.7941595441595442,0.8160968660968662,0.7794532061034719,0.03596422789389064,0.7970536936065276,0.5657078146611342,0.18522572919148195,0.4764859958506224,0.04088675901293755,0.03387313501124593,0.02047089997213334,7.19341543004848,1.579145348560456,6.892711699940264,10,10,bayesian
SPECTF,custom_alsalam,10,0.7953276353276353,0.004258187175101342,0.7941595441595442,0.7921167391213256,0.7985385315339449,0.7874643874643875,0.8054131054131053,0.7436485655258034,0.0407599866176325,0.7394516815341479,0.5452340940525587,0.17256905277803936,0.44757174965421853,0.007877445975318552,0.0035393802073821427,0.005612780037336051,1.376866629952565,0.11277076291921037,1.3679412498604506,10,10,bayesian
student,linear,10,0.24595238095238092,0.021117584638219895,0.2471428571428571,0.2300286158352053,0.26187614606955656,0.20999999999999996,0.2833333333333333,0.22171006665292378,0.01922522798487859,0.22684772899058614,0.9746341749853199,0.003472707158426605,0.9758778625954199,0.004141338006593287,0.0005250761830553687,0.00422904493752867,0.6715133799705655,0.017296328428032796,0.662503750063479,10,10,bayesian
student,poly,10,0.2835238095238095,0.021341835040654168,0.2873809523809524,0.267430947855254,0.299616671192365,0.24904761904761905,0.3176190476190476,0.25289659414659416,0.019257803495890798,0.25986130007558583,0.9956318261890782,0.004114472810019118,0.998082795067528,0.002089087008498609,0.0001736095578765162,0.0021326449466869237,0.4337803800124675,0.012250191489518503,0.4348482000641525,10,10,bayesian
student,rbf,10,0.25023809523809526,0.011844131319434889,0.24714285714285714,0.24130699973741385,0.25916919073877664,0.24047619047619045,0.2752380952380952,0.11811654049834057,0.028109600866675515,0.10912772126394417,1.0,0.0,1.0,0.001729178037494421,6.935587497433603e-05,0.0017467800760641694,0.38657239014282824,0.0024660817925210073,0.38704645028337836,10,10,bayesian
student,custom_hermite,10,0.24047619047619045,0.0,0.24047619047619045,,,0.24047619047619045,0.24047619047619045,0.09395547692761315,1.3877787807814457e-17,0.09395547692761314,0.9960199647680563,0.002018424148589517,0.9961714621256608,0.0035636090161278848,0.00060859276995702,0.0037075950065627696,0.7237663299776613,0.033008175154348986,0.7268618000671268,10,10,bayesian
student,custom_gegen,10,0.28028571428571425,0.02869117762430445,0.2904761904761905,0.2586510632945344,0.3019203652768941,0.24047619047619045,0.3242857142857143,0.21321753508257268,0.06253321205443788,0.24866975352689638,0.9901162654139753,0.02089315415440223,0.9992337052260717,0.005723389978520571,0.0021590388004392607,0.005220010038465261,1.2723762500565499,0.15488939368217092,1.2339631500653923,10,10,bayesian
student,custom_alsalam,10,0.24899999999999997,0.007623361873773525,0.2509523809523809,0.24325158577740477,0.2547484142225952,0.24047619047619045,0.261904761904762,0.11944821957122928,0.02091915074295557,0.13182120902792066,0.9878191426893718,0.024625928295501445,1.0,0.0034265869623050097,0.0005037982736992947,0.0032127049285918473,0.7640567200724036,0.03702513079248877,0.7617460500914603,10,10,bayesian
parkinson,linear,10,0.8932631578947369,0.004099185784972748,0.8942105263157895,0.8901721570662883,0.8963541587231855,0.8871052631578948,0.8973684210526315,0.8853220637070173,0.0050490458583850265,0.8853482036412448,0.31299642857142856,0.007498298346622183,0.31311201298701297,0.00307633800432086,0.0007208188088577268,0.003115359996445477,0.49265363002195955,0.019182209911311136,0.4937903501559049,10,10,bayesian
parkinson,poly,10,0.9225263157894737,0.006661794156609858,0.9227631578947368,0.9175029739998622,0.9275496575790853,0.9128947368421054,0.9339473684210526,0.9216637262645365,0.00802533572431159,0.9225350920198541,0.266038961038961,0.02077356817393228,0.26525324675324674,0.002538778018206358,0.00022975931692213,0.0025493750348687173,0.3914664799813181,0.016650528957708962,0.39406209997832775,10,10,bayesian
parkinson,rbf,10,0.9550000000000001,0.006261830907633111,0.9542105263157895,0.950278251453239,0.9597217485467612,0.9389473684210528,0.9639473684210527,0.9544400381667156,0.006080865774527021,0.9537025793518388,0.547125,0.07648799722252947,0.5287743506493505,0.001238680984824896,2.5241955822181885e-05,0.001241705007851124,0.33347804001532494,0.005164676355504492,0.3318283499684185,10,10,bayesian
parkinson,custom_hermite,10,0.7812105263157895,0.02513900413870588,0.7744736842105262,0.7622544002226587,0.8001666524089203,0.7589473684210526,0.836578947368421,0.7003732360458461,0.04525994799469957,0.6886755240373661,0.5398831168831169,0.009624306569505955,0.5373165584415585,0.0036539690103381873,0.00017997546842204328,0.0036724950419738892,0.6497768600005657,0.021414498286810937,0.6502308999188244,10,10,bayesian
parkinson,custom_gegen,10,0.9456315789473685,0.00687965405301727,0.9436842105263159,0.9404439593827048,0.9508191985120322,0.9326315789473683,0.9547368421052631,0.9452819491197039,0.007040749252622501,0.9432250894767269,0.32911233766233766,0.06880956212882726,0.3079886363636364,0.004789214008487762,0.00031846480634966517,0.00492123500443995,1.8910594698973,0.35074176378740746,1.7998694002162665,10,10,bayesian
parkinson,custom_alsalam,10,0.9502894736842105,0.005550635710142015,0.9488157894736844,0.94610400357418,0.9544749437942409,0.9434210526315789,0.9589473684210527,0.9501698332055565,0.005148164156972849,0.9485215912642586,0.42376233766233773,0.02934826338566603,0.4185227272727273,0.003219938008114696,0.00043021064630262523,0.003364685061387718,0.6486901300959289,0.025992614647908495,0.6551635502837598,10,10,bayesian
vertebral,linear,10,0.8670967741935482,0.007037878783635961,0.8661290322580646,0.8617898448929813,0.8724037034941152,0.8548387096774193,0.8806451612903226,0.8662197517718461,0.007351919534245885,0.8673829070214484,0.3810752688172043,0.04461546469421399,0.3657706093189964,0.0019660159619525074,0.00041324514991495303,0.001834899955429137,0.39910009000450375,0.011860814845766472,0.3977668001316488,10,10,bayesian
vertebral,poly,10,0.8606451612903226,0.004516129032258078,0.8596774193548387,0.8572397634107574,0.8640505591698879,0.8548387096774194,0.867741935483871,0.8602900685733557,0.00512830644354336,0.8596578344093737,0.40408602150537637,0.032367079830979265,0.40448028673835124,0.0020995080145075917,0.0008724844399118891,0.001673530018888414,0.5093658498954028,0.034990968264098726,0.5121290499810129,10,10,bayesian
vertebral,rbf,10,0.8419354838709676,0.006918584061137814,0.8403225806451613,0.8367185090407305,0.8471524587012047,0.832258064516129,0.8548387096774193,0.8417808858611127,0.00730010421253358,0.8416608172603948,0.41401433691756273,0.029614260186913505,0.4172043010752688,0.0022242760285735128,0.00024248445866239922,0.0021289050579071044,0.4796709499787539,0.013929549023954517,0.4798014999832958,10,10,bayesian
vertebral,custom_hermite,10,0.8525806451612903,0.0047955060475221075,0.8532258064516128,0.8489645823763196,0.856196707946261,0.8451612903225806,0.8612903225806452,0.8541043868892209,0.00485010122972452,0.854669136282533,0.446810035842294,0.015212678867808532,0.4449820788530466,0.0034200879838317635,0.0005115498012755127,0.0034360000398010017,0.6075724600348622,0.019677279285780246,0.6010851000901312,10,10,bayesian
vertebral,custom_gegen,10,0.8564516129032258,0.009704263842897659,0.8596774193548387,0.8491340895824134,0.8637691362240382,0.8354838709677418,0.867741935483871,0.8558953819328284,0.009384540646460396,0.8585035864133683,0.4237992831541219,0.0329067395692158,0.4220430107526882,0.00556443699169904,0.00426644021917292,0.003872089996002614,1.5709419901482762,0.2540980556905085,1.4974186499603093,10,10,bayesian
vertebral,custom_alsalam,10,0.8412903225806451,0.009326988577290939,0.8419354838709676,0.8342572845746528,0.8483233605866374,0.8193548387096774,0.8548387096774193,0.8415157436892244,0.010103543261517784,0.8413756481523741,0.4032258064516128,0.03286408053978097,0.4017921146953405,0.0038430870138108733,0.0006324984268722473,0.0038507300661876796,0.7074529199395329,0.044434574845103554,0.7076481499243528,10,10,bayesian
fertility,linear,10,0.8800000000000001,0.0,0.8800000000000001,,,0.8800000000000001,0.8800000000000001,0.8243274853801168,0.0,0.8243274853801168,0.5057777777777778,0.039248496078760076,0.5272222222222223,0.0011226769862696527,0.000271603929899368,0.0010818549897521734,0.29114319002255795,0.008642129884234613,0.2891433499753475,10,10,bayesian
fertility,poly,10,0.874,0.012806248474865719,0.8800000000000001,0.8643434177610977,0.8836565822389023,0.8400000000000001,0.8800000000000001,0.826813983488132,0.005386951241409211,0.8243274853801168,0.4253333333333333,0.045296826258975395,0.4455555555555555,0.0007402780279517174,5.219285900894087e-05,0.0007340749958530068,0.26624781992286445,0.005682731203965388,0.2648527498822659,10,10,bayesian
fertility,rbf,10,0.8880000000000001,0.009797958971132798,0.89,0.880611825644034,0.8953881743559663,0.8699999999999999,0.9000000000000001,0.8446941864465083,0.013191807492484449,0.8499277605779153,0.96,0.0057948465824024025,0.9577777777777777,0.0008485989877954125,2.189249919629754e-05,0.0008475400507450103,0.2729925299994648,0.005661940100165152,0.2721527998801321,10,10,bayesian
fertility,custom_hermite,10,0.881,0.003000000000000036,0.8800000000000001,0.8787378428371458,0.8832621571628542,0.8800000000000001,0.8900000000000002,0.8267485380116957,0.0072631578947368715,0.8243274853801168,0.3893333333333333,0.03396512372463302,0.3827777777777778,0.0012025229958817362,0.00016146956344803223,0.0011855149874463677,0.3431513100396842,0.007917276392873929,0.34450970008037984,10,10,bayesian
fertility,custom_gegen,10,0.881,0.0029999999999999693,0.8800000000000001,0.878737842837146,0.8832621571628541,0.8800000000000001,0.89,0.8267519779841759,0.007273477812177543,0.8243274853801168,0.33811111111111114,0.17731262062272604,0.24,0.0016712879948318003,0.00040608972156845456,0.0018663450377061964,0.3731767199933529,0.016507944788735237,0.3717328002676368,10,10,bayesian
fertility,custom_alsalam,10,0.882,0.00748331477354791,0.8800000000000001,0.876357188627709,0.8876428113722911,0.8699999999999999,0.9,0.8331200550395597,0.014301601914059622,0.8243274853801168,0.3931111111111112,0.19869686571369075,0.27444444444444444,0.0013114829966798425,0.00019483493699466435,0.0012271849205717444,0.36805599988438187,0.009781391550872367,0.36778749991208315,10,10,bayesian
cervical,linear,10,0.9085714285714287,0.0062779985111596414,0.9053571428571429,0.9038374888046263,0.9133053683382311,0.9017857142857142,0.9178571428571429,0.9028545621045619,0.00570893275056369,0.9016536241536242,0.21173557692307696,0.0052879239237225255,0.21066105769230772,0.0006596009898930787,1.997485006505161e-05,0.0006530450424179435,0.24613639991730452,0.00511307708687325,0.24431434995494783,10,10,bayesian
cervical,poly,10,0.9282142857142859,0.0138274719161471,0.9241071428571429,0.9177876475011939,0.9386409239273779,0.9142857142857144,0.9589285714285716,0.9239325674325674,0.015093756397782737,0.9209541847041847,0.2794615384615385,0.033774334792020556,0.28390625,0.0006616910081356764,3.6265549900348875e-05,0.0006404200103133917,0.25563199003227055,0.0061296056752464904,0.25332899997010827,10,10,bayesian
cervical,rbf,10,0.8382142857142858,0.07335439555295083,0.875,0.7829012286053056,0.893527342823266,0.7089285714285716,0.9035714285714287,0.8040158175158176,0.11578706541277368,0.8695811133311133,0.8330216346153847,0.1433730175709185,0.8695673076923076,0.0007507149735465646,2.6276845553897587e-05,0.0007429399760439992,0.2698233200237155,0.0020804019139954435,0.2690475501585752,10,10,bayesian
cervical,custom_hermite,10,0.7101785714285714,0.003749999999999954,0.7089285714285716,0.7073508749750038,0.713006267882139,0.7089285714285716,0.7214285714285714,0.5924025974025973,0.011548451548451544,0.5885531135531135,0.730235576923077,0.04866498737025462,0.7191225961538461,0.0016199500020593408,0.0003515144933825846,0.0016351949656382204,0.4349248799495399,0.017301020753961855,0.4395703498739749,10,10,bayesian
cervical,custom_gegen,10,0.9141071428571429,0.010991938140366026,0.9169642857142858,0.9058186456578502,0.9223956400564356,0.8875,0.9321428571428572,0.9099690864690864,0.0103816397545889,0.9132842157842158,0.49538701923076933,0.17484214121521385,0.4491466346153847,0.0011296619940549134,7.0837690893029e-05,0.0011029800167307257,0.43159171999432144,0.024578946682806135,0.43049314990639687,10,10,bayesian
cervical,custom_alsalam,10,0.7825,0.04102326368373566,0.7982142857142857,0.751566310071395,0.813433689928605,0.7232142857142857,0.8232142857142858,0.7231766566766566,0.06317682867153906,0.7538091075591076,0.7875072115384615,0.13601061679230683,0.7422836538461539,0.001336934957653284,0.00011352476380652147,0.0012675949605181814,0.4650867300108075,0.01719985193974179,0.4645949499681592,10,10,bayesian
mines,linear,10,0.5205614973262032,0.008325494134698217,0.5208556149732622,0.514283638595834,0.5268393560565723,0.5060606060606061,0.5353832442067736,0.47329901043086997,0.00834863213377942,0.4712280107485588,0.7858318593615186,0.009369555003236352,0.781723468507334,0.004259054004214704,0.0017751350249496068,0.0039830549852922555,0.7842728699091822,0.049760828499908795,0.7847904998343438,10,10,bayesian
mines,poly,10,0.6160338680926917,0.020698958004187838,0.6169340463458111,0.6004257693884284,0.631641966796955,0.5888591800356506,0.6485739750445634,0.6053545683477556,0.01837020440842427,0.6076868019310094,0.7115713977566868,0.01451499152052756,0.7059480155306299,0.0169730579899624,0.0020273697522233307,0.01789003999438137,1.268340259976685,0.10859258742604723,1.2706607501022518,10,10,bayesian
mines,rbf,10,0.6384491978609627,0.016266278402455092,0.6331550802139039,0.6261835717939318,0.6507148239279935,0.6181818181818182,0.6717468805704101,0.6286817458428896,0.01676849227269894,0.6269357249343508,0.8077874245038826,0.03395901367050382,0.8073560181190682,0.006822105012834072,0.0006408416780670635,0.00695589508395642,0.8546342399902642,0.04769110853218238,0.8631422999314964,10,10,bayesian
mines,custom_hermite,10,0.5459358288770053,0.01225269466428518,0.5459447415329768,0.5366966552106464,0.5551750025433643,0.5207664884135472,0.5620320855614973,0.5094136364846349,0.013940175052997406,0.5095941620537343,0.8034849007765315,0.007938533630785234,0.8045691328731664,0.004947476983070373,0.0005525301265335096,0.004740719962865114,0.7045837300363929,0.020854151471026823,0.7006059000268579,10,10,bayesian
mines,custom_gegen,10,0.6057575757575759,0.022684948882444187,0.6110071301247773,0.5886519358897758,0.622863215625376,0.5503565062388592,0.6421568627450982,0.59250232262677,0.027563588218270995,0.5954097494975441,0.7801120578084556,0.022872755421157482,0.7858347713546161,0.007899856981821359,0.0016493454106246133,0.007565794955007732,1.2570584400556981,0.08870357403587642,1.2170137998182327,10,10,bayesian
mines,custom_alsalam,10,0.62198752228164,0.014180371761887668,0.6276292335115865,0.6112947790972773,0.6326802654660028,0.5975935828877005,0.6393939393939394,0.6097866753448449,0.013794463128313965,0.6117383162300982,0.727085849870578,0.02579189488669975,0.7266560612597066,0.009286642004735769,0.0027147985745809167,0.008370455005206168,1.0456887600477784,0.07336760250567557,1.0573851000517607,10,10,bayesian
blood,linear,10,0.7653981981981982,0.0019103212203717716,0.7653963963963963,0.7639577159208595,0.7668386804755369,0.7633873873873874,0.7687207207207207,0.6689307555105146,0.004149817145819159,0.6689825769837019,0.4840009082852369,0.0009660301901850077,0.48395653017402923,0.016493844999931753,0.0013695141877750048,0.016568619990721345,1.6868603500071913,0.11007451495646427,1.7139930999837816,10,10,bayesian
blood,poly,10,0.779972972972973,0.0041977670582467735,0.7794414414414415,0.7768076367000376,0.7831383092459083,0.7740900900900902,0.7874774774774774,0.7248235048144023,0.012949224528413152,0.7274715660501636,0.5211529490610711,0.024057676649056333,0.5248052257265179,0.030932626994326713,0.0058624214636656515,0.03293544505722821,2.7166642899625004,0.22966698607901226,2.7870401500258595,10,10,bayesian
blood,rbf,10,0.7949207207207207,0.0036759799379457833,0.7954144144144144,0.7921488392716767,0.7976926021697648,0.7888828828828829,0.7994414414414415,0.7706868569805916,0.004411490430126346,0.771310051263357,0.48617014475244813,0.0018561271530232197,0.4858150978170291,0.017288941983133556,0.0016664338153209077,0.01696068006567657,1.9656110700219869,0.11693907394585054,1.9500004502478987,10,10,bayesian
blood,custom_hermite,10,0.7723441441441441,0.001691995506714123,0.77209009009009,0.7710682908924673,0.7736199973958209,0.770054054054054,0.7754414414414416,0.69424893025309,0.0027145951729438517,0.6948138421380138,0.4793076088729767,0.001979577677889061,0.4789804718674079,0.021817466979846357,0.0012117986876226175,0.022079380019567905,2.702050539990887,0.04476514247480441,2.712327699875459,10,10,bayesian
blood,custom_gegen,10,0.7906504504504505,0.007059226067542578,0.7934594594594595,0.7853274241794845,0.7959734767214164,0.7807927927927928,0.7995135135135134,0.7575491101418932,0.01427727410213411,0.7613903990770692,0.48106053324279874,0.00953332243980913,0.4772720358375845,0.06540139198303223,0.018703165151002746,0.07635135499294847,6.675740120047704,0.9007734441768548,6.449591599870473,10,10,bayesian
blood,custom_alsalam,10,0.7899783783783784,0.0035431945672309054,0.7907657657657657,0.7873066240551626,0.7926501327015941,0.7834414414414415,0.7940900900900901,0.7577406649379514,0.00818328700474101,0.7610610584967941,0.496732333631686,0.01685249098714265,0.489751147481713,0.024857453028671442,0.002451234557594982,0.02429649999830872,2.3437822899781167,0.1644250077911115,2.270544199971482,10,10,bayesian
statlog,linear,10,0.8083151260504202,0.0021271374678406116,0.808235294117647,0.8067111529640032,0.8099190991368372,0.8047478991596639,0.8130952380952381,0.804906777492102,0.0020036975984819953,0.8046344516782162,0.45947415104779027,0.025879853017399528,0.44589001659865835,0.02351693400647491,0.005479942999531433,0.026157845021225513,2.8352031500078736,0.16526604460026026,2.8319381999317557,10,10,bayesian
statlog,poly,10,0.8578487394957982,0.0043626324672639575,0.8585574229691877,0.8545590860675578,0.8611383929240386,0.8496638655462185,0.8638935574229691,0.8565115896119929,0.004297763473876434,0.8568832991806374,0.41939518638910017,0.012712947453679796,0.42287926205131754,0.031409995001740756,0.0016509866491258626,0.03109130496159196,2.7904787600971757,0.2126159729135078,2.8517468499485403,10,10,bayesian
statlog,rbf,10,0.8338417366946779,0.013176948225993985,0.8396008403361345,0.8239056274233479,0.8437778459660078,0.8117647058823529,0.8496498599439775,0.8317242200913444,0.013147476352045218,0.8373829141014644,0.5292170447472162,0.0483444086070997,0.5149241821702747,0.016910845008678736,0.0019466130461314169,0.01646909499540925,2.23890464999713,0.05861321305952766,2.240587200038135,10,10,bayesian
statlog,custom_hermite,10,0.7938403361344537,0.015012003660587197,0.7928501400560224,0.7825204989312573,0.8051601733376501,0.7704481792717087,0.8189775910364145,0.7858058082355257,0.01691549698368594,0.7847278525733261,0.5766211529151393,0.02859708894317089,0.5835656857320701,0.10682875798549503,0.004168980535004121,0.10585584000218659,12.164930460043252,0.10313848295625523,12.14679260016419,10,10,bayesian
statlog,custom_gegen,10,0.8441344537815126,0.006497309830508438,0.8438095238095238,0.8392351417907237,0.8490337657723016,0.8284453781512605,0.8532633053221289,0.8426364517654077,0.007209604517129845,0.8426899994899337,0.4737010858288954,0.03281740967572736,0.45989452935887676,0.1721720100240782,0.002862802329823775,0.17176687009632588,36.641137530002744,5.147377488149542,35.20753649971448,10,10,bayesian
statlog,custom_alsalam,10,0.8313403361344538,0.009118453905016035,0.8337885154061624,0.8244645441959915,0.8382161280729161,0.8117086834733893,0.8449159663865548,0.829831627074412,0.009171027620124372,0.8318704323544377,0.5165823016806141,0.03830590634613116,0.5241963482951795,0.061320970999076976,0.002299206672318101,0.06156964502297342,6.642654889915138,0.16010194016143667,6.581774749793112,10,10,bayesian
hepatitis,linear,10,0.81375,0.016249999999999987,0.8125,0.801496648701207,0.826003351298793,0.7875,0.85,0.8069804362304364,0.014276748501682023,0.8071382783882783,0.23972222222222223,0.012927862531355666,0.2375,0.0008095790259540081,4.059661831674747e-05,0.0008204350480809808,0.2671281800605357,0.005889764053344572,0.2657142502721399,10,10,bayesian
hepatitis,poly,10,0.8425,0.01274754878398196,0.8375,0.8328876804031611,0.852112319596839,0.825,0.875,0.8326083083583085,0.01393419073526782,0.8294114219114219,0.3768055555555555,0.04306921826233202,0.3701388888888889,0.0007350410195067525,5.398212933751885e-05,0.0007616750197485089,0.2627561899833381,0.007150404915750325,0.26032325020059943,10,10,bayesian
hepatitis,rbf,10,0.8425,0.010000000000000009,0.8375,0.8349594761238197,0.8500405238761803,0.8375,0.8625,0.7740073260073259,0.01906280354181922,0.7645238095238094,0.9648611111111111,0.05016196760322669,0.9895833333333333,0.0007897980092093349,2.330732596554839e-05,0.0007880650227889419,0.2755209698341787,0.005286201630808567,0.27377394982613623,10,10,bayesian
hepatitis,custom_hermite,10,0.8375,0.0,0.8375,,,0.8375,0.8375,0.7645238095238094,0.0,0.7645238095238094,0.3973611111111111,0.09099384815049079,0.35138888888888886,0.0016528539964929226,0.00032710267003175367,0.00171315495390445,0.43565855994820596,0.015624625202294691,0.43709565000608563,10,10,bayesian
hepatitis,custom_gegen,10,0.8574999999999999,0.012747548783981964,0.8625,0.847887680403161,0.8671123195968389,0.8375,0.875,0.8200722610722609,0.03217129167945667,0.8306202131202131,0.6134722222222221,0.26754272331030854,0.6229166666666667,0.0013741039903834463,0.00044147500654471733,0.0012353499187156558,0.4213695500511676,0.024486491500994072,0.41736635006964207,10,10,bayesian
hepatitis,custom_alsalam,10,0.8375,0.0,0.8375,,,0.8375,0.8375,0.7645238095238094,0.0,0.7645238095238094,0.38555555555555543,0.18166666666666667,0.3249999999999999,0.0018083040136843919,0.0004492822615142962,0.0016148000489920379,0.4807736099697649,0.020216113122574066,0.4784534501377493,10,10,bayesian
wine,linear,10,0.9658823529411764,0.005844467687871419,0.9665032679738562,0.9614753181267806,0.9702893877555723,0.9549019607843137,0.9722222222222221,0.9657846046473496,0.0060276993053137865,0.9664294529000411,0.1495031055900621,0.00521052948053242,0.14825892857142858,0.0007931459927931428,3.053215836169107e-05,0.0007806949550285935,0.25888840993866324,0.005849798290625113,0.25738779990933836,10,10,bayesian
wine,poly,10,0.9748039215686275,0.008024123673305933,0.9746732026143792,0.9687533119542288,0.9808545311830262,0.9663398692810456,0.9888888888888889,0.9747401507032418,0.00810259654107139,0.9745152790308499,0.2222232142857143,0.05805166566161367,0.20754852484472047,0.0009993110131472347,0.0002899904700705771,0.0007779300212860107,0.30253170994110407,0.009432941449600014,0.3038608501665294,10,10,bayesian
wine,rbf,10,0.9854575163398692,0.004455124614706558,0.988562091503268,0.9820981189870138,0.9888169136927246,0.9774509803921569,0.9888888888888889,0.9853187410649925,0.00448502874010313,0.9883653178808888,0.5180341614906833,0.12266443261209321,0.5499281832298137,0.001143932999111712,8.231385252807184e-05,0.0011452399427071213,0.32156796008348465,0.002704898987491522,0.3209188000764698,10,10,bayesian
wine,custom_hermite,10,0.9826797385620918,0.0063888679938812285,0.9833333333333334,0.9778621973971292,0.9874972797270544,0.9722222222222221,0.9944444444444445,0.9826127546947905,0.0064422595985152336,0.9831813865147199,0.22603338509316773,0.020988750159106367,0.21630240683229815,0.0020103420084342355,0.00025877883709226495,0.001914810063317418,0.462127329967916,0.017753770855067033,0.4630029499530792,10,10,bayesian
wine,custom_gegen,10,0.9870915032679738,0.0067025339141067114,0.9887254901960785,0.9820374415669508,0.9921455649689968,0.9718954248366014,0.9944444444444445,0.9870528497304736,0.006855177916403095,0.9887643402349284,0.4353315217391304,0.16894276146333528,0.3654794254658385,0.0028110279934480784,0.000292464283535841,0.0027739849872887136,1.0690106600522995,0.1767682845942966,1.0200092501472682,10,10,bayesian
wine,custom_alsalam,10,0.9883006535947715,0.003047462281535876,0.9888888888888889,0.9860027073852035,0.9905985998043395,0.9830065359477125,0.9944444444444445,0.9882594217692257,0.0030771098356801264,0.9888042821376155,0.4290892857142857,0.03986646693799688,0.4266498447204969,0.0021603799890726806,0.00025014515638951994,0.002178244921378791,0.4828086999710649,0.014384838472884489,0.48612419981509447,10,10,bayesian
haberman,linear,10,0.7263978494623656,0.004200779538842492,0.7270967741935483,0.7232302416212445,0.7295654573034868,0.7187096774193549,0.7320430107526882,0.6266533624692494,0.007102655278016914,0.6269612612304614,0.5447351778656127,0.0031219577757770627,0.5448418972332015,0.0041428289981558925,0.0015808510041871253,0.004462204943411052,0.6465274198912084,0.042864505595412265,0.6309101500082761,10,10,bayesian
haberman,poly,10,0.740505376344086,0.005830109113408702,0.7386021505376343,0.7361091686470465,0.7449015840411255,0.7316129032258065,0.7521505376344086,0.6832306361260578,0.013173707423602838,0.684597242019633,0.5343890645586298,0.0043826957632414456,0.5335876152832675,0.005877191000618041,0.0022497705583593413,0.006536475010216236,0.8721662801224739,0.05966540337733526,0.8879231000319123,10,10,bayesian
haberman,rbf,10,0.733247311827957,0.006046759637677973,0.7318279569892474,0.7286877382858136,0.7378068853701004,0.7283870967741936,0.7449462365591398,0.6781161172045013,0.01085140183712093,0.6796055748882679,0.5374725955204216,0.002102700099820205,0.5368583662714097,0.0030444110184907913,0.0009253249918885302,0.002599984989501536,0.690457500005141,0.06062748304273625,0.699407999869436,10,10,bayesian
haberman,custom_hermite,10,0.7460752688172043,0.005436916842050245,0.746720430107527,0.7419755486911757,0.750174988943233,0.7350537634408603,0.7553763440860215,0.6806918300382321,0.008948523783875539,0.6798029331896993,0.5331534914361001,0.0029867343518101067,0.534316864295125,0.0029397510038688774,0.00038458492142972813,0.0030034499708563086,0.5367675000801683,0.019800259787232783,0.5329397500026971,10,10,bayesian
haberman,custom_gegen,10,0.744494623655914,0.005803025671904298,0.7451075268817204,0.7401188382926058,0.7488704090192222,0.735268817204301,0.7521505376344086,0.6853532233860463,0.02734844363944575,0.694894946536907,0.5365304347826088,0.008859300411355008,0.5341317523056655,0.006161309992894532,0.0022768012363336707,0.007357559935189784,1.0216374800074846,0.08182937612997615,0.9842848000116646,10,10,bayesian
haberman,custom_alsalam,10,0.7450645161290322,0.00585255492253474,0.7452150537634409,0.7406513831160293,0.7494776491420352,0.7355913978494624,0.7551612903225806,0.6832810059777933,0.016890887508017448,0.6873782859347195,0.5338077733860341,0.007938683578811372,0.5315948616600791,0.004764270992018283,0.002077887133769545,0.004559599980711937,0.7820605501066893,0.05951011826780225,0.7538565502036363,10,10,bayesian
ionosphere,linear,10,0.8834047619047618,0.007327975951411746,0.8845238095238096,0.8778790841421923,0.8889304396673313,0.868888888888889,0.8944444444444445,0.8788027298308198,0.00773846906052776,0.8796898980775135,0.22997890295358653,0.01771569048519964,0.2363110307414105,0.005032418030314148,0.002260151961123676,0.004239375004544854,1.0412742500193417,0.06194950439957112,1.052102199755609,10,10,bayesian
ionosphere,poly,10,0.921015873015873,0.004507880616689084,0.9216269841269842,0.9176166948737615,0.9244150511579844,0.9114285714285714,0.926031746031746,0.9179398195331523,0.0048004642682284975,0.9183229749468003,0.2440659031545107,0.024133680367982455,0.2359935704239502,0.0033883179817348714,0.0009923553678181038,0.003920965036377311,0.6066083800513298,0.033487333062799676,0.6094359999988228,10,10,bayesian
ionosphere,rbf,10,0.942984126984127,0.005875610752362501,0.9428968253968253,0.9385536086675939,0.9474146453006602,0.9343650793650793,0.9546031746031746,0.9427577346079689,0.00574395634099934,0.9429711049317864,0.488951476793249,0.10788021532818037,0.4950924251557163,0.003043800983577967,8.475489537324859e-05,0.0030497499741613866,0.5822418599389494,0.006807425941153286,0.5818755500949919,10,10,bayesian
ionosphere,custom_hermite,10,0.6928571428571428,0.0021443263628740192,0.6923809523809524,0.6912402084433854,0.6944740772709003,0.6892857142857143,0.6952380952380952,0.6145335306390421,0.0030009260979073265,0.6140510375551889,0.6477360859955797,0.01191957887813257,0.6514712678320274,0.017963765016756953,0.0004081835401910682,0.01802516500465572,2.276878089923412,0.09948172429382172,2.2893973500467837,10,10,bayesian
ionosphere,custom_gegen,10,0.9327380952380953,0.0066187097854480716,0.932936507936508,0.9277472413214273,0.9377289491547632,0.9203174603174602,0.9458730158730159,0.9314828789706876,0.006690061429565629,0.931669603062229,0.38787301587301587,0.1568940528399115,0.3295298372513562,0.030775399985723196,0.001209879362376324,0.030569784925319254,8.171218599984423,1.3884692764792488,7.787242549937218,10,10,bayesian
ionosphere,custom_alsalam,10,0.9441349206349207,0.0071767669514225755,0.9443253968253968,0.9387232623798223,0.949546578890019,0.9318253968253968,0.9542857142857143,0.9441935814651405,0.007199225727892033,0.9446491550202478,0.6057611010648986,0.018909709131112243,0.6082640144665461,0.012551343999803066,0.0004572715715274872,0.012519059958867729,1.7514063900802284,0.06524707245566765,1.75048020016402,10,10,bayesian
breast,linear,10,0.9669117647058825,0.0018727273542095838,0.9677429667519182,0.9654996301730832,0.9683238992386818,0.963469735720375,0.9692881500426257,0.9669446533015137,0.001849005040868371,0.9677860434990695,0.07380813537777073,0.001079707236917922,0.07369442016895739,0.005575770982541144,0.0017150113060280616,0.00578011991456151,0.8613576900213957,0.04119228349877569,0.8681095498614013,10,10,bayesian
breast,poly,10,0.9672037510656437,0.0032790920006168095,0.9677855924978687,0.9647311439133595,0.969676358217928,0.9590366581415175,0.9721653878942881,0.9672507181782904,0.003345357321539102,0.9678107016149806,0.07955054156404757,0.004709206594994684,0.08223563994597602,0.0032888700161129237,0.00045175393604067346,0.00340124499052763,1.2330488399602473,0.1131590059973142,1.2262896997854114,10,10,bayesian
breast,rbf,10,0.963970588235294,0.0011701233109300787,0.9634057971014492,0.9630882539588796,0.9648529225117084,0.9619565217391303,0.9663043478260868,0.964319668788024,0.0011694277617295612,0.9637575567449602,0.4095173062154075,0.042681694874615476,0.42768888535790894,0.006389415976591409,0.00015213761818879724,0.006410645018331706,0.9583226999733597,0.0097583108439328,0.9590810500085354,10,10,bayesian
breast,custom_hermite,10,0.9730583972719524,0.0011501627709889946,0.9736040068201193,0.9721911142883388,0.973925680255566,0.9708013640238704,0.9751065643648763,0.9730703364431841,0.0011474600686089472,0.973618341117047,0.1752563756256455,0.02571775596333741,0.16398254813167024,0.0332352349953726,0.0012020955708299823,0.0327649200335145,4.036354799987748,0.05209153301449455,4.024796000216156,10,10,bayesian
breast,custom_gegen,10,0.9674978687127023,0.007962062618291067,0.9699701619778345,0.9614940563850156,0.9735016810403889,0.9501918158567774,0.976619778346121,0.9675499176661537,0.00796555741943632,0.9700476417091162,0.11304684727629036,0.03325027283134309,0.11330724821906199,0.046473016045056284,0.0013423091722369977,0.04675749498419464,8.945450320048257,1.0250383222972799,8.645868150051683,10,10,bayesian
breast,custom_alsalam,10,0.9639727195225916,0.0033673422025557475,0.9641091219096334,0.9614335670948274,0.9665118719503557,0.9589727195225916,0.972229326513214,0.9641169856456349,0.003328374456998909,0.9642375251433479,0.2507240539180636,0.04480530100112214,0.24052368846164032,0.01604151901323348,0.0007995285669740671,0.01603075999300927,2.128428630065173,0.030836588574555394,2.1286486501339823,10,10,bayesian
australian,linear,10,0.8542028985507247,0.0022638404857700627,0.855072463768116,0.8524958442272434,0.855909952874206,0.8492753623188405,0.8565217391304347,0.8543521935555478,0.0022410983233576566,0.8552442017799857,0.3781481481481482,0.007510329572854225,0.3788244766505636,0.025130603001452985,0.0017741966219593855,0.025616179988719522,2.770320440037176,0.05807029961673226,2.7771908501163125,10,10,bayesian
australian,poly,10,0.8581159420289856,0.0035172930723222466,0.8586956521739131,0.8554637187898486,0.8607681652681225,0.8507246376811594,0.8637681159420291,0.8580169955146097,0.003387311974909154,0.8587908838192015,0.31196457326892113,0.006577483873028734,0.3135265700483092,0.008730709967203439,0.0026160317651526344,0.008564315014518799,2.2304732400923966,0.15340727922497055,2.2472687500994653,10,10,bayesian
australian,rbf,10,0.8281159420289855,0.017466023066878663,0.8246376811594203,0.814945645633214,0.841286238424757,0.7985507246376812,0.8507246376811596,0.8277424312582268,0.0177142046412573,0.8241869941814444,0.47360708534621576,0.12559922882563213,0.4466988727858293,0.008937444039620459,0.0006512248467726462,0.008785915048792958,1.331878239940852,0.03195932073919705,1.323493350064382,10,10,bayesian
australian,custom_hermite,10,0.8510144927536232,0.003417340905087449,0.8521739130434783,0.8484376386848372,0.8535913468224091,0.844927536231884,0.855072463768116,0.8503653161155936,0.003968086411122674,0.8518519327729981,0.5529307568438002,0.04694758855095481,0.5508051529790661,0.05500124400015921,0.002028570294777293,0.05505751001182944,6.600577329983935,0.07417240483133881,6.595110299997032,10,10,bayesian
australian,custom_gegen,10,0.8450724637681161,0.02119562120646813,0.8543478260869566,0.8290898549903314,0.8610550725459007,0.7855072463768117,0.8579710144927537,0.8450543298681105,0.021322990998081146,0.8544789403836317,0.35241545893719806,0.037364320946504354,0.34573268921095,0.09245161502156407,0.0022406830001074312,0.09227520497515798,16.871941729960962,1.7208824540274883,16.425161549821496,10,10,bayesian
australian,custom_alsalam,10,0.8266666666666665,0.019841844742173723,0.8355072463768116,0.8117048762640842,0.8416284570692489,0.7971014492753623,0.846376811594203,0.8257804595052118,0.019464478113019053,0.8345015365238164,0.5358132045088566,0.028415234628705044,0.547745571658615,0.02728287996724248,0.002208562967166042,0.02636685995385051,3.7842416601255535,0.1146960684572022,3.7711508001666516,10,10,bayesian
german,linear,10,0.7567,0.0179055857206627,0.7645,0.743198250335635,0.770201749664365,0.722,0.774,0.7475850657098746,0.01576066593798597,0.7539408504915845,0.619911111111111,0.11532618046755284,0.5708333333333334,0.03506454099435359,0.009019623135465315,0.036648019985295835,5.057435130001977,0.20239385678964691,5.010563849937171,10,10,bayesian
german,poly,10,0.764,0.007375635565834303,0.766,0.7584383843913822,0.7695616156086178,0.7510000000000001,0.773,0.7537919772752107,0.0061800739790579306,0.7544349947693472,0.5279222222222223,0.01684263036259078,0.5342777777777777,0.017703661979176104,0.00596039830642844,0.017291189986281097,4.7839675500523295,0.3329097419886699,4.858848550124094,10,10,bayesian
german,rbf,10,0.7135,0.004738143096192846,0.7115,0.70992719188544,0.7170728081145601,0.7070000000000001,0.7230000000000001,0.661450726240707,0.03178738378183754,0.6524030305013142,0.9132111111111112,0.09258855554162165,0.9687777777777777,0.019172286004759374,0.001024639271212498,0.018929179990664124,2.542908350052312,0.029951001539971055,2.5463750998023897,10,10,bayesian
german,custom_hermite,10,0.7,0.0,0.7,,,0.7,0.7,0.5764705882352941,0.0,0.5764705882352941,0.6025666666666666,0.0048631773386502005,0.5999999999999999,0.19874029499478638,0.0033961838564544595,0.1976728849578649,23.150246930029244,0.1663291480734047,23.18296524998732,10,10,bayesian
german,custom_gegen,10,0.7444000000000001,0.024487547856002243,0.759,0.7259351060722707,0.7628648939277294,0.7020000000000001,0.769,0.728969329939338,0.028323799366224325,0.7458511527881873,0.6496333333333333,0.13723232576389538,0.5668888888888888,0.3096320340409875,0.007398819651550236,0.3067499901168048,53.74389148009941,5.208216926682599,52.512443399988115,10,10,bayesian
german,custom_alsalam,10,0.7147,0.0034942810419312472,0.7150000000000001,0.7120651290373233,0.7173348709626767,0.709,0.7190000000000001,0.6556424190748843,0.006753811415339089,0.6582989498441401,0.9640222222222222,0.009769289244652262,0.9681111111111111,0.09666661401744933,0.0010331278671637898,0.09668201503809541,11.458119620010256,0.13219341987220717,11.392252799822018,10,10,bayesian
heart,linear,10,0.8377777777777778,0.005689737591013777,0.837037037037037,0.8334874175623538,0.8420681379932019,0.8296296296296296,0.8481481481481481,0.8362543028546053,0.006116782644151798,0.8352784549701622,0.3817695473251028,0.014731188298504871,0.37921810699588476,0.006996461986564099,0.0022270768041280174,0.007689094985835254,0.931537379976362,0.04065875177745783,0.9300076998770237,10,10,bayesian
heart,poly,10,0.8296296296296296,0.017684942794538253,0.837037037037037,0.8162942562905197,0.8429650029687396,0.7925925925925925,0.8481481481481481,0.8280686236203438,0.017563232367523645,0.834901558914491,0.3746090534979424,0.015289658126209122,0.3668724279835391,0.0024391569988802078,0.0010315769130019388,0.0022755699697881936,0.611172560043633,0.021256007041353126,0.618758549913764,10,10,bayesian
heart,rbf,10,0.7896296296296296,0.0185036977730323,0.7907407407407407,0.7756768721441121,0.8035823871151471,0.7444444444444445,0.8185185185185185,0.7873319440327347,0.01924892274327069,0.7868884933286471,0.6010288065843621,0.11315244925995671,0.5802469135802468,0.0020376720186322927,7.383416569240658e-05,0.002040645107626915,0.42597483000718056,0.002632226455954973,0.42575159994885325,10,10,bayesian
heart,custom_hermite,10,0.8011111111111111,0.018373506303425862,0.8,0.7872565248140978,0.8149656974081244,0.762962962962963,0.8333333333333334,0.7910528555949039,0.02199303338451743,0.7908738343028756,0.6563786008230452,0.02463848935265699,0.6625514403292181,0.005339699015021324,0.0006485076062215934,0.0054841849487274885,0.7766503400169313,0.038409727234649714,0.7758218499366194,10,10,bayesian
heart,custom_gegen,10,0.8296296296296296,0.0284486879550689,0.8425925925925926,0.8081778285525095,0.8510814307067497,0.7666666666666667,0.8555555555555555,0.8279980475251639,0.028383444746041667,0.8400258310488569,0.48069958847736627,0.08734880778858255,0.4561728395061728,0.00636980498675257,0.0015781400727411293,0.006157239992171526,1.829866860061884,0.2558104950986221,1.790182450087741,10,10,bayesian
heart,custom_alsalam,10,0.7922222222222223,0.01244466490104553,0.7907407407407407,0.7828382929404826,0.801606151503962,0.774074074074074,0.8111111111111111,0.7883762228253028,0.012187163558649112,0.7863704061842627,0.7553086419753087,0.022338667628091214,0.7611111111111111,0.0033698209980502726,0.0008315523964107201,0.0030185098992660643,0.6902471699286252,0.032826391842128634,0.6865303500089794,10,10,bayesian
fourclass,linear,10,0.7726169473402834,0.002563608340092721,0.773188986901898,0.770683852350519,0.7745500423300479,0.7667869553595296,0.7751002405773857,0.7619461662708222,0.00310551616554206,0.7626684805679704,0.5262311439973396,0.0009612317535222271,0.5264252577319588,0.016673027984797955,0.0033326530760242816,0.01745539489202201,1.8558893699664623,0.10646303163612912,1.8968603000976145,10,10,bayesian
fourclass,poly,10,0.9792341619887731,0.03165926899313053,0.9918805132317562,0.9553614146142615,1.0031069093632847,0.8863539160652232,0.9976877840149694,0.9791366851716761,0.032149490093394587,0.9919283634693412,0.21800734951779183,0.08169167794139337,0.19773162620552048,0.029860831988044078,0.0015671877156412859,0.02974582496099174,2.749301990075037,0.20204944047354848,2.801191449863836,10,10,bayesian
fourclass,rbf,10,1.0,0.0,1.0,,,1.0,1.0,1.0,0.0,1.0,0.05011592949783837,0.018081989109685254,0.043696707682075155,0.009738616980612277,0.0003480203387177312,0.009742474951781332,1.4345730799250305,0.02594434241360714,1.4313062499277294,10,10,bayesian
fourclass,custom_hermite,10,0.8373483025928895,0.026608041470224823,0.8265570703020583,0.8172844453924268,0.8574121597933522,0.813258487035552,0.889788826516974,0.8289212541424359,0.030753756523231684,0.8170591947252499,0.42572830063185896,0.015217903622950191,0.4296863152643831,0.02241378201637417,0.0009832995540719161,0.022460215049795805,2.8101118000224234,0.029662728712081986,2.8039459998253733,10,10,bayesian
fourclass,custom_gegen,10,0.9513859930499866,0.07085908595510268,0.9878174284950547,0.89795453010111,1.0048174559988632,0.8120556001069232,0.9976744186046511,0.9495005246752237,0.07466405280625313,0.9878763223263807,0.20333882607249748,0.1320458492299976,0.20237221483205853,0.025229463004507124,0.002502977360962044,0.024559960002079606,5.655470740050077,0.7140575013271898,5.508186750113964,10,10,bayesian
fourclass,custom_alsalam,10,0.9960612135792568,0.006501911669509767,0.9988372093023254,0.9911584315607814,1.0009639955977323,0.9768110130981021,0.9988505747126437,0.996089493424259,0.0064399492566478665,0.9988411038976434,0.11181993681410043,0.062392091904995985,0.08391311938809445,0.013300984017550945,0.0009593037853824961,0.01346464001107961,1.949173659970984,0.0997978798065367,1.929136650171131,10,10,bayesian
