dataset,kernel,trial,optimization_time,training_time,best_accuracy,best_f1_score,support_vector_prop,best_params,random_seed,n_optimization_trials,cv_folds
ecoli,linear,0,0.33395659970119596,0.0017312400974333285,0.8781639928698752,0.8698174440168428,0.39583524577623325,{'C': 3.90130999242047},42,8,10
ecoli,linear,1,0.3144020000472665,0.0016072599682956934,0.8778966131907309,0.8689218780304111,0.4074027932594584,{'C': 3.3356407136855206},43,8,10
ecoli,linear,2,0.3955024001188576,0.0026887599378824234,0.8784313725490197,0.8722703098658238,0.41831136756059706,{'C': 2.6207978131423735},44,8,10
ecoli,linear,3,0.36757800029590726,0.002135279914364219,0.8721925133689838,0.8658279823990223,0.4328776255108955,{'C': 1.933161862413238},45,8,10
ecoli,linear,4,0.36637540021911263,0.0016581099946051836,0.8688948306595365,0.8611228615659432,0.47817957292417984,{'C': 1.0725933433582453},46,8,10
ecoli,linear,5,0.32647640025243163,0.0016723799984902144,0.8690730837789662,0.8596980958505052,0.4163366336633663,{'C': 2.8380983088693443},47,8,10
ecoli,poly,0,0.3834489998407662,0.0024657000321894884,0.8811942959001783,0.8738944547288016,0.38955587611741305,"{'C': 10.799193521034251, 'degree': 2, 'gamma': 2.4534763774094808}",42,8,10
ecoli,poly,1,0.48120589973405004,0.0039109399542212485,0.8780748663101605,0.8656592218092773,0.39483968264376107,"{'C': 2.877249105178084, 'degree': 4, 'gamma': 0.547104622928547}",43,8,10
ecoli,poly,2,0.48535200022161007,0.0017076900228857994,0.8784313725490197,0.8722703098658238,0.4130210040871637,"{'C': 20.87121887449257, 'degree': 1, 'gamma': 2.982551919191829}",44,8,10
ecoli,poly,3,0.46098090009763837,0.0037034200038760902,0.8780748663101603,0.8701219563988787,0.4444571940637772,"{'C': 1.933161862413238, 'degree': 3, 'gamma': 1.899469254494512}",45,8,10
ecoli,poly,4,0.43498250003904104,0.0016564099583774804,0.8748663101604277,0.866517500180396,0.4718947391427884,"{'C': 8.092322006689862, 'degree': 1, 'gamma': 3.211524249181703}",46,8,10
ecoli,poly,5,0.42385989986360073,0.0020222799852490426,0.8809269162210338,0.872044411417934,0.4795084475334951,"{'C': 2.469050145265414, 'degree': 2, 'gamma': 2.569034341275915}",47,8,10
ecoli,rbf,0,0.42354280035942793,0.002325379988178611,0.875222816399287,0.8671567864536431,0.43915153104714444,"{'C': 3.90130999242047, 'gamma': 0.6371656669645575}",42,8,10
ecoli,rbf,1,0.42656700033694506,0.0030010299291461707,0.8810160427807487,0.8672754999307459,0.5482733372675016,"{'C': 0.7263165967845856, 'gamma': 2.9391533679917523}",43,8,10
ecoli,rbf,2,0.42841439973562956,0.002461020043119788,0.8785204991087344,0.8710326489819392,0.41335759403754946,"{'C': 10.691860375019163, 'gamma': 0.46770693414988207}",44,8,10
ecoli,rbf,3,0.4147192998789251,0.002291190018877387,0.8780748663101605,0.8708384512330205,0.41865888575612525,"{'C': 7.036901101574616, 'gamma': 0.3235756148467037}",45,8,10
ecoli,rbf,4,0.42657440016046166,0.0029685300309211017,0.8719251336898395,0.8643847045070304,0.5406803925425654,"{'C': 6.226828244802206, 'gamma': 3.0360835232141175}",46,8,10
ecoli,rbf,5,0.42220869986340404,0.0024849200155586003,0.8748663101604277,0.8643210737947392,0.4619642427818941,"{'C': 2.469050145265414, 'gamma': 1.2126764221426334}",47,8,10
ecoli,custom_hermite,0,0.7282580002211034,0.005874380096793174,0.8692513368983956,0.8622814435569669,0.4669311301991127,"{'C': 15.028274178568475, 'degree': 5}",42,8,10
ecoli,custom_hermite,1,0.729243699926883,0.005776310013607145,0.8662210338680927,0.8552388275662757,0.4785052346294232,"{'C': 8.179149256222683, 'degree': 6}",43,8,10
ecoli,custom_hermite,2,0.6765006999485195,0.005072619998827577,0.8665775401069519,0.8623510714366492,0.4986711253906847,"{'C': 18.616267401506267, 'degree': 3}",44,8,10
ecoli,custom_hermite,3,0.6534886001609266,0.005699689965695143,0.869073083778966,0.8625612588604626,0.4590005026992766,"{'C': 24.725298825376527, 'degree': 4}",45,8,10
ecoli,custom_hermite,4,0.7701743999496102,0.009821279952302576,0.8631016042780748,0.8563345325484051,0.4755327519506918,"{'C': 22.818144526090006, 'degree': 3}",46,8,10
ecoli,custom_hermite,5,0.6419840999878943,0.004686329979449511,0.869073083778966,0.8613853076973331,0.4950342054072957,"{'C': 18.218637102894156, 'degree': 3}",47,8,10
ecoli,custom_gegen,0,1.5399015001021326,0.005470060044899583,0.8782531194295901,0.8682916992700378,0.423612659279173,"{'C': 20.811233577369745, 'degree': 2, 'alpha': -0.12816831525786976}",42,8,10
ecoli,custom_gegen,1,1.5891659003682435,0.005932330060750246,0.8780748663101605,0.8679472014684212,0.4408038817126746,"{'C': 2.877249105178084, 'degree': 4, 'alpha': -0.2245519812698833}",43,8,10
ecoli,custom_gegen,2,1.7718688999302685,0.00816750000230968,0.7950980392156863,0.7860581398414629,0.5314044980657007,"{'C': 17.75398968518351, 'degree': 6, 'alpha': 0.41867600678848516}",44,8,10
ecoli,custom_gegen,3,1.408357999753207,0.006667329976335168,0.875222816399287,0.8678557611794655,0.413688719865364,"{'C': 2.812409934004069, 'degree': 2, 'alpha': 0.4623190862767723}",45,8,10
ecoli,custom_gegen,4,1.3924075001850724,0.004317260067909956,0.8719251336898395,0.8636833344742578,0.4074224641007147,"{'C': 7.4983963426883635, 'degree': 1, 'alpha': 0.25070004483418906}",46,8,10
ecoli,custom_gegen,5,1.7655406002886593,0.0068264400586485864,0.8631016042780748,0.853186188069548,0.41368434856730707,"{'C': 3.1787371619055294, 'degree': 5, 'alpha': -0.47957646815918376}",47,8,10
ecoli,custom_alsalam,0,0.5728535000234842,0.003909910004585982,0.8753119429590018,0.8644035892776347,0.43816580333530036,"{'C': 3.4882070224403936, 'degree': 2, 'a': -1, 'q': 0.37}",42,8,10
ecoli,custom_alsalam,1,0.598915500100702,0.004472240060567856,0.8601604278074866,0.8530801244347807,0.4308832207724083,"{'C': 5.526503868113398, 'degree': 3, 'a': -1, 'q': 0.32}",43,8,10
ecoli,custom_alsalam,2,0.5528679001145065,0.0040348800364881756,0.8695187165775401,0.8648842690522409,0.4378259349113719,"{'C': 9.845094997655195, 'degree': 3, 'a': -1, 'q': 0.51}",44,8,10
ecoli,custom_alsalam,3,0.5515837003476918,0.002553289942443371,0.8779857397504456,0.8679608533727237,0.38790789674993986,"{'C': 1.2140015006602403, 'degree': 1, 'a': -1, 'q': 0.12}",45,8,10
ecoli,custom_alsalam,4,0.5710309999994934,0.0025882899761199953,0.8688057040998217,0.8602334101743636,0.3855922016042664,"{'C': 7.4983963426883635, 'degree': 1, 'a': -1, 'q': 0.37}",46,8,10
ecoli,custom_alsalam,5,0.5619763000868261,0.0034258299972862007,0.8602495543672013,0.8421835270959896,0.5677900902673049,"{'C': 2.469050145265414, 'degree': 2, 'a': -1, 'q': 0.64}",47,8,10
mines,linear,0,0.41709640016779304,0.0028160599526017905,0.5209447415329769,0.47438186360188883,0.7902707075064711,{'C': 9.364128431065215},42,8,10
mines,linear,1,0.4080169000662863,0.0021353900898247956,0.5295900178253119,0.48687420566745826,0.8172260569456429,{'C': 3.3356407136855206},43,8,10
mines,linear,2,0.4276813003234565,0.00383644993416965,0.5121212121212121,0.46703552259072956,0.7817159188955995,{'C': 20.87121887449257},44,8,10
mines,linear,3,0.3981162002310157,0.002584880031645298,0.5297682709447417,0.48263560218070484,0.7961842105263157,{'C': 7.036901101574616},45,8,10
mines,linear,4,0.4196185003966093,0.002413860009983182,0.5268270944741532,0.4735980119878773,0.7971688955996548,{'C': 6.226828244802206},46,8,10
mines,linear,5,0.43612820003181696,0.002975780051201582,0.5353832442067736,0.4899700962244215,0.7896171268334772,{'C': 10.36557558009697},47,8,10
mines,poly,0,0.5551389995962381,0.00958138988353312,0.5950980392156864,0.5738302464198973,0.7620038826574633,"{'C': 9.364128431065215, 'degree': 6, 'gamma': 2.9321633619048173}",42,8,10
mines,poly,1,0.6162858996540308,0.002837510034441948,0.5501782531194296,0.5007258315990788,0.8086798964624675,"{'C': 6.015499909513754, 'degree': 2, 'gamma': 3.438750940498319}",43,8,10
mines,poly,2,0.8269175002351403,0.014066570112481714,0.5737076648841356,0.5649238135601772,0.7297864538395168,"{'C': 23.936844254628866, 'degree': 6, 'gamma': 3.5291436202329205}",44,8,10
mines,poly,3,0.7894548000767827,0.012810159986838699,0.609625668449198,0.5869601934799323,0.7472034081104401,"{'C': 15.685164675927945, 'degree': 6, 'gamma': 2.6058768340207172}",45,8,10
mines,poly,4,0.7178958998993039,0.00828239000402391,0.5922459893048129,0.5760128625446873,0.7794219154443486,"{'C': 10.659318426847376, 'degree': 5, 'gamma': 3.4704024356367422}",46,8,10
mines,poly,5,0.6279265000484884,0.007689559925347566,0.5588235294117647,0.5324321737501155,0.7836917601380501,"{'C': 8.787343679511642, 'degree': 5, 'gamma': 3.201549584739277}",47,8,10
mines,rbf,0,0.5231921998783946,0.004630380030721426,0.5773618538324421,0.5667930214729522,0.8530532786885245,"{'C': 18.300116551343315, 'gamma': 2.4009048979725676}",42,8,10
mines,rbf,1,0.5031053000129759,0.004546349868178368,0.556060606060606,0.5398499056080057,0.846814063848145,"{'C': 16.652589237237546, 'gamma': 2.171818189566687}",43,8,10
mines,rbf,2,0.5355303999967873,0.004904880002140999,0.5857397504456328,0.5805863656539348,0.8261054788610871,"{'C': 24.013195103916477, 'gamma': 1.8349747309285782}",44,8,10
mines,rbf,3,0.5284401997923851,0.0049768200609833,0.6361853832442068,0.6234788222158464,0.854372303710095,"{'C': 21.404695032842014, 'gamma': 2.6058768340207172}",45,8,10
mines,rbf,4,0.5365398996509612,0.004517450043931603,0.5920677361853832,0.5886574901959167,0.8172282139775667,"{'C': 21.677167808874145, 'gamma': 1.3052310290573594}",46,8,10
mines,rbf,5,0.5173878003843129,0.004919230053201318,0.5767379679144387,0.5621615725428784,0.8714678602243312,"{'C': 17.690420851338768, 'gamma': 3.201549584739277}",47,8,10
mines,custom_hermite,0,0.5330813000909984,0.0033542899414896964,0.5267379679144385,0.5036975767284246,0.8362952976704057,"{'C': 20.811233577369745, 'degree': 2}",42,8,10
mines,custom_hermite,1,0.5660250000655651,0.003927940083667636,0.5175579322638146,0.4804090388639485,0.833661561691113,"{'C': 16.652589237237546, 'degree': 4}",43,8,10
mines,custom_hermite,2,0.49342430010437965,0.0035423200111836194,0.5324420677361854,0.5128662654932709,0.8359588006902502,"{'C': 18.616267401506267, 'degree': 3}",44,8,10
mines,custom_hermite,3,0.46504850033670664,0.003535010013729334,0.5357397504456328,0.4970962835063181,0.8247853753235548,"{'C': 24.725298825376527, 'degree': 4}",45,8,10
mines,custom_hermite,4,0.4727000999264419,0.0035611499566584825,0.5413547237076649,0.49931046974299564,0.8310364538395169,"{'C': 19.59602493779296, 'degree': 4}",46,8,10
mines,custom_hermite,5,0.46218400029465556,0.003623929899185896,0.526559714795009,0.48883305550624795,0.8297185073339086,"{'C': 17.690420851338768, 'degree': 5}",47,8,10
mines,custom_gegen,0,0.88774019991979,0.004079569969326258,0.5415329768270946,0.49118106720921206,0.8602901207937877,"{'C': 3.4882070224403936, 'degree': 2, 'alpha': 0.23906006815444647}",42,8,10
mines,custom_gegen,1,0.9149484997615218,0.005500360066071153,0.591800356506239,0.5737142875046842,0.7820513373597929,"{'C': 16.652589237237546, 'degree': 4, 'alpha': -0.4322624893955228}",43,8,10
mines,custom_gegen,2,1.057095100171864,0.006984470039606094,0.5680926916221034,0.5664741793280643,0.8353062985332184,"{'C': 17.75398968518351, 'degree': 6, 'alpha': 0.41867600678848516}",44,8,10
mines,custom_gegen,3,0.8777858000248671,0.004655649978667497,0.5622994652406417,0.5326509929580864,0.8379367989646246,"{'C': 2.812409934004069, 'degree': 2, 'alpha': 0.4623190862767723}",45,8,10
mines,custom_gegen,4,0.8211166998371482,0.005020920047536492,0.5565062388591802,0.5345537905234351,0.8129497411561692,"{'C': 9.871403897553764, 'degree': 4, 'alpha': -0.4183827982365956}",46,8,10
mines,custom_gegen,5,0.9859521999023855,0.0043715499341487885,0.5471479500891266,0.5001842935051823,0.8027577653149267,"{'C': 6.166987894984273, 'degree': 2, 'alpha': -0.4422174052507317}",47,8,10
mines,custom_alsalam,0,0.5927642998285592,0.008724539959803223,0.5945632798573977,0.5833335914778275,0.7682517256255392,"{'C': 20.811233577369745, 'degree': 2, 'a': -1, 'q': 0.19}",42,8,10
mines,custom_alsalam,1,0.5608844999223948,0.007678130036219954,0.6002673796791445,0.5850461305676659,0.732082614322692,"{'C': 16.652589237237546, 'degree': 4, 'a': -1, 'q': 0.03}",43,8,10
mines,custom_alsalam,2,0.5138449999503791,0.0051182099152356384,0.5884135472370767,0.5821756809777912,0.782380284728214,"{'C': 17.75398968518351, 'degree': 6, 'a': -1, 'q': 0.46}",44,8,10
mines,custom_alsalam,3,0.5844848998822272,0.007727219955995679,0.6154188948306596,0.6044644202744235,0.740957722174288,"{'C': 24.725298825376527, 'degree': 4, 'a': -1, 'q': 0.28}",45,8,10
mines,custom_alsalam,4,0.5863388003781438,0.006757030030712485,0.6183600713012478,0.6126359804171223,0.7432592752372734,"{'C': 19.59602493779296, 'degree': 4, 'a': -1, 'q': 0.25}",46,8,10
mines,custom_alsalam,5,0.49045780021697283,0.0043320101220160724,0.5975935828877006,0.5775102603087032,0.7853332614322691,"{'C': 3.1787371619055294, 'degree': 5, 'a': -1, 'q': 0.01}",47,8,10
blood,linear,0,0.8320317999459803,0.007386619970202446,0.7607027027027027,0.6607243681839103,0.4824722995048522,{'C': 9.364128431065215},42,8,10
blood,linear,1,0.8017808999866247,0.004793239943683148,0.762054054054054,0.6613937751128592,0.48321347789471825,{'C': 2.877249105178084},43,8,10
blood,linear,2,0.9144684001803398,0.010200500022619963,0.762054054054054,0.6591532156722997,0.48514512722607045,{'C': 20.87121887449257},44,8,10
blood,linear,3,0.8445681999437511,0.012889639986678959,0.7607207207207207,0.6584939512725774,0.4858858647007729,{'C': 24.725298825376527},45,8,10
blood,linear,4,0.8925307001918554,0.009404429979622365,0.7607207207207207,0.6607345107131367,0.483658581752285,{'C': 19.59602493779296},46,8,10
blood,linear,5,0.949652099981904,0.010887140035629272,0.7647207207207207,0.6652079291388251,0.48410478789776057,{'C': 24.36210287781698},47,8,10
blood,poly,0,1.410044000018388,0.027140310034155846,0.7753873873873874,0.7129081405737476,0.48900688268570247,"{'C': 9.364128431065215, 'degree': 6, 'gamma': 2.9321633619048173}",42,8,10
blood,poly,1,1.9080674997530878,0.022672199923545123,0.7740900900900902,0.6975082651949343,0.479795944462326,"{'C': 24.286655820793264, 'degree': 3, 'gamma': 3.818663623479838}",43,8,10
blood,poly,2,1.9480718998238444,0.03057143990881741,0.7794054054054055,0.7217323912370601,0.5080231127728714,"{'C': 23.936844254628866, 'degree': 6, 'gamma': 3.5291436202329205}",44,8,10
blood,poly,3,2.0101788002066314,0.02976860012859106,0.7794774774774774,0.7224156415856166,0.4933137420029013,"{'C': 15.685164675927945, 'degree': 6, 'gamma': 2.6058768340207172}",45,8,10
blood,poly,4,1.7813791004009545,0.024593820003792642,0.7714054054054055,0.7021477568039017,0.4814335033796147,"{'C': 10.659318426847376, 'degree': 5, 'gamma': 3.4704024356367422}",46,8,10
blood,poly,5,1.6539763999171555,0.022220390010625125,0.7714414414414413,0.7029858880302572,0.4809835494552493,"{'C': 2.8380983088693443, 'degree': 6, 'gamma': 2.91917705535597}",47,8,10
blood,rbf,0,1.1659448998980224,0.012339690001681447,0.7914414414414415,0.7608875285766136,0.48633405496448434,"{'C': 15.028274178568475, 'gamma': 2.8368516771561185}",42,8,10
blood,rbf,1,1.1538546001538634,0.01018635998480022,0.7874054054054055,0.7586576309271558,0.48648264337458835,"{'C': 8.179149256222683, 'gamma': 3.438750940498319}",43,8,10
blood,rbf,2,1.2152170003391802,0.011441309936344624,0.7834234234234234,0.7510177824208543,0.48722404222203614,"{'C': 12.74805033733057, 'gamma': 2.8451209109125584}",44,8,10
blood,rbf,3,1.2950812000781298,0.015624200040474535,0.7875135135135135,0.7564053175806122,0.4857374967482507,"{'C': 21.404695032842014, 'gamma': 2.6058768340207172}",45,8,10
blood,rbf,4,1.2041242001578212,0.010219510039314627,0.7874054054054054,0.7528578214500412,0.48915679384129696,"{'C': 6.226828244802206, 'gamma': 3.0360835232141175}",46,8,10
blood,rbf,5,1.2080848002806306,0.012897680001333355,0.7994414414414415,0.77353170019355,0.4860359963139492,"{'C': 17.690420851338768, 'gamma': 3.201549584739277}",47,8,10
blood,custom_hermite,0,2.116846799850464,0.022768309945240615,0.7686846846846846,0.6870247131714089,0.48291850565032785,"{'C': 9.364128431065215, 'degree': 6}",42,8,10
blood,custom_hermite,1,2.0850049001164734,0.02090761996805668,0.77009009009009,0.6874343686963182,0.4805402092583365,"{'C': 16.652589237237546, 'degree': 4}",43,8,10
blood,custom_hermite,2,2.152813400141895,0.019637940032407642,0.7687567567567568,0.6872321990080874,0.4838082724502978,"{'C': 18.616267401506267, 'degree': 3}",44,8,10
blood,custom_hermite,3,2.149823300074786,0.02218409008346498,0.7701261261261261,0.68884982195902,0.480094003112861,"{'C': 24.725298825376527, 'degree': 4}",45,8,10
blood,custom_hermite,4,2.2344081001356244,0.02015491984784603,0.770108108108108,0.6881387847280752,0.4824720790472705,"{'C': 22.818144526090006, 'degree': 3}",46,8,10
blood,custom_hermite,5,2.169245299883187,0.022749649919569494,0.7700900900900901,0.6895781741181326,0.483064228111869,"{'C': 17.690420851338768, 'degree': 5}",47,8,10
blood,custom_gegen,0,5.6474949000403285,0.0708451499696821,0.770054054054054,0.6944208166095305,0.4835115365452533,"{'C': 4.585929341825992, 'degree': 2, 'alpha': 0.5542652989481534}",42,8,10
blood,custom_gegen,1,5.2096315999515355,0.032085160119459034,0.7767567567567568,0.7275384308396246,0.4870767765574226,"{'C': 16.652589237237546, 'degree': 4, 'alpha': -0.4322624893955228}",43,8,10
blood,custom_gegen,2,6.231616199947894,0.07241302002221346,0.7887567567567568,0.7532675292518445,0.4710336374178244,"{'C': 9.845094997655195, 'degree': 3, 'alpha': 0.5247057950833167}",44,8,10
blood,custom_gegen,3,4.714093599934131,0.03149122004397213,0.7874954954954955,0.7508305004056379,0.48172825516642337,"{'C': 1.933161862413238, 'degree': 3, 'alpha': 0.45088785981341584}",45,8,10
blood,custom_gegen,4,4.5835112002678216,0.02676599007099867,0.7674414414414416,0.6733649667041652,0.4786087803845661,"{'C': 7.4983963426883635, 'degree': 1, 'alpha': 0.25070004483418906}",46,8,10
blood,custom_gegen,5,5.523174399975687,0.026386780105531214,0.77009009009009,0.7019848534256301,0.48885939656350724,"{'C': 3.1787371619055294, 'degree': 5, 'alpha': -0.47957646815918376}",47,8,10
blood,custom_alsalam,0,1.6166998003609478,0.023041729955002664,0.7847567567567567,0.737819962210378,0.4775693228865833,"{'C': 20.811233577369745, 'degree': 2, 'a': -1, 'q': 0.19}",42,8,10
blood,custom_alsalam,1,1.5937465000897646,0.026319439988583326,0.7941081081081081,0.7626610752844314,0.49628727386563554,"{'C': 16.652589237237546, 'degree': 4, 'a': -1, 'q': 0.03}",43,8,10
blood,custom_alsalam,2,1.5022986000403762,0.01981453993357718,0.7860720720720721,0.7527062878813174,0.48158054858664645,"{'C': 17.75398968518351, 'degree': 6, 'a': -1, 'q': 0.46}",44,8,10
blood,custom_alsalam,3,1.6489376001991332,0.02488265004940331,0.7915135135135135,0.7595419246091468,0.4936102574503639,"{'C': 24.725298825376527, 'degree': 4, 'a': -1, 'q': 0.28}",45,8,10
blood,custom_alsalam,4,1.7253560996614397,0.02439369005151093,0.7873873873873873,0.7536885356750227,0.4899012790948894,"{'C': 19.59602493779296, 'degree': 4, 'a': -1, 'q': 0.25}",46,8,10
blood,custom_alsalam,5,1.5090005001984537,0.020007669879123568,0.7887387387387387,0.7538887834419001,0.48128337176643843,"{'C': 3.1787371619055294, 'degree': 5, 'a': -1, 'q': 0.01}",47,8,10
statlog,linear,0,1.5547697003930807,0.016404869966208935,0.8071848739495799,0.8031268390331695,0.49020471678539324,{'C': 14.966863446441717},42,8,10
statlog,linear,1,1.5558847999200225,0.019379640044644476,0.80593837535014,0.8027816124139324,0.47613406874610964,{'C': 21.478578136223994},43,8,10
statlog,linear,2,1.5948040997609496,0.017962750000879168,0.8142436974789916,0.8103721179160261,0.48231378380247597,{'C': 18.616267401506267},44,8,10
statlog,linear,3,1.4274670002050698,0.012835099874064327,0.8095238095238095,0.8051454707612621,0.5303089771076838,{'C': 7.036901101574616},45,8,10
statlog,linear,4,1.6524863000959158,0.0173632200807333,0.809579831932773,0.8058572920306013,0.4891513935956843,{'C': 15.8712078176122},46,8,10
statlog,linear,5,1.746477299835533,0.01931933001615107,0.8047899159663865,0.8012852587924211,0.480210768379556,{'C': 19.99031543689969},47,8,10
statlog,poly,0,1.5104785999283195,0.025918730022385716,0.8342857142857143,0.8330387156806985,0.4811300919842313,"{'C': 9.364128431065215, 'degree': 6, 'gamma': 2.9321633619048173}",42,8,10
statlog,poly,1,2.1273362999781966,0.024260810064151882,0.8520728291316526,0.849969787482844,0.494411612144685,"{'C': 16.652589237237546, 'degree': 4, 'gamma': 0.13122695669081097}",43,8,10
statlog,poly,2,2.1015468002296984,0.03028311994858086,0.859187675070028,0.8576210874629376,0.43392610139013765,"{'C': 23.936844254628866, 'degree': 6, 'gamma': 3.5291436202329205}",44,8,10
statlog,poly,3,2.0277329003438354,0.027482929965481163,0.8532913165266105,0.8511940366682786,0.4510192613597068,"{'C': 15.685164675927945, 'degree': 6, 'gamma': 2.6058768340207172}",45,8,10
statlog,poly,4,1.9361468995921314,0.024226949922740458,0.8461624649859945,0.8422060248586487,0.4966453420015215,"{'C': 10.659318426847376, 'degree': 5, 'gamma': 3.4704024356367422}",46,8,10
statlog,poly,5,1.7526240996085107,0.023744900012388825,0.8484593837535014,0.8454090267559973,0.5063792447610485,"{'C': 8.787343679511642, 'degree': 5, 'gamma': 3.201549584739277}",47,8,10
statlog,rbf,0,1.6945056999102235,0.013926650024950504,0.8011484593837535,0.7996671899205559,0.6331371464139982,"{'C': 4.546442355210308, 'gamma': 0.7463773439472754}",42,8,10
statlog,rbf,1,1.6736332001164556,0.012568440055474639,0.8201540616246497,0.8152592030124488,0.5848777577979114,"{'C': 6.361273725371123, 'gamma': 0.24227591946943294}",43,8,10
statlog,rbf,2,1.7881908998824656,0.016042410070076583,0.8343557422969188,0.8319214043026817,0.5396458952901307,"{'C': 20.87121887449257, 'gamma': 0.43317197834869975}",44,8,10
statlog,rbf,3,1.7151995999738574,0.013455739989876748,0.8366806722689075,0.8331083590816359,0.5768590497268138,"{'C': 7.036901101574616, 'gamma': 0.3235756148467037}",45,8,10
statlog,rbf,4,1.7696118000894785,0.015145269921049476,0.8413865546218486,0.8386795374309054,0.5471367314475413,"{'C': 12.698850583254085, 'gamma': 0.3539301323851334}",46,8,10
statlog,rbf,5,1.8057810999453068,0.019005680037662388,0.8094257703081233,0.8059840277447166,0.6420772529220555,"{'C': 17.651069250813958, 'gamma': 0.9983686305083388}",47,8,10
statlog,custom_hermite,0,10.171919000335038,0.11093373992480338,0.7455882352941178,0.7352049411650257,0.6824481291928902,"{'C': 9.364128431065215, 'degree': 6}",42,8,10
statlog,custom_hermite,1,10.284275199752301,0.10627907002344728,0.7408263305322129,0.7294895019382011,0.6941501832768517,"{'C': 8.179149256222683, 'degree': 6}",43,8,10
statlog,custom_hermite,2,10.243733699899167,0.1154919599648565,0.7396218487394959,0.724039612895772,0.6962535445051525,"{'C': 12.74805033733057, 'degree': 5}",44,8,10
statlog,custom_hermite,3,10.04424799978733,0.10119295995682479,0.7408263305322129,0.7282311044857668,0.691519295940245,"{'C': 24.725298825376527, 'degree': 4}",45,8,10
statlog,custom_hermite,4,10.245861100032926,0.10410646996460855,0.7324649859943978,0.7186436413629951,0.6958584618576665,"{'C': 7.827610313856364, 'degree': 6}",46,8,10
statlog,custom_hermite,5,10.076462199911475,0.1015323898755014,0.7407703081232493,0.7261315091491269,0.6679808423819076,"{'C': 17.690420851338768, 'degree': 5}",47,8,10
statlog,custom_gegen,0,32.318411400076,0.17194957993924617,0.8273249299719888,0.8256703582720348,0.5309666989418356,"{'C': 3.4882070224403936, 'degree': 2, 'alpha': 0.23906006815444647}",42,8,10
statlog,custom_gegen,1,33.240370500367135,0.1847334500402212,0.8366526610644257,0.8347054634575507,0.5546377688636834,"{'C': 2.877249105178084, 'degree': 4, 'alpha': -0.2245519812698833}",43,8,10
statlog,custom_gegen,2,37.418633099645376,0.20574890999123455,0.7810644257703081,0.7782500766988997,0.8260356871152915,"{'C': 17.75398968518351, 'degree': 6, 'alpha': 0.41867600678848516}",44,8,10
statlog,custom_gegen,3,30.894719399977475,0.19015961000695825,0.8212324929971988,0.8198158378754824,0.5501635659450861,"{'C': 2.812409934004069, 'degree': 2, 'alpha': 0.4623190862767723}",45,8,10
statlog,custom_gegen,4,29.262957999948412,0.1770643500611186,0.8485714285714285,0.8469938273920523,0.4837613251262189,"{'C': 11.375642969250542, 'degree': 4, 'alpha': -0.3210331699585467}",46,8,10
statlog,custom_gegen,5,34.67467080010101,0.17795412014238537,0.8461344537815126,0.8442563952331416,0.4548352237360813,"{'C': 6.166987894984273, 'degree': 2, 'alpha': -0.4422174052507317}",47,8,10
statlog,custom_alsalam,0,5.644378600176424,0.061812470015138385,0.8378151260504202,0.8373800823447606,0.5200553288609171,"{'C': 20.811233577369745, 'degree': 2, 'a': -1, 'q': 0.19}",42,8,10
statlog,custom_alsalam,1,5.397305400110781,0.058052139915525915,0.815266106442577,0.8141909619517946,0.58093574936026,"{'C': 5.526503868113398, 'degree': 3, 'a': -1, 'q': 0.32}",43,8,10
statlog,custom_alsalam,2,5.515605699736625,0.06720421998761594,0.8142156862745098,0.8118884984231837,0.4489122691749084,"{'C': 10.691860375019163, 'degree': 1, 'a': -1, 'q': 0.22}",44,8,10
statlog,custom_alsalam,3,5.59769759979099,0.06294747008942067,0.8390896358543417,0.8365584109273373,0.4785017981879798,"{'C': 1.2140015006602403, 'degree': 1, 'a': -1, 'q': 0.12}",45,8,10
statlog,custom_alsalam,4,5.477195600047708,0.06511607002466917,0.8485434173669468,0.8475258082458685,0.48270627290960644,"{'C': 7.4983963426883635, 'degree': 1, 'a': -1, 'q': 0.37}",46,8,10
statlog,custom_alsalam,5,5.360022000037134,0.06217169002629817,0.8449159663865548,0.8434568786015744,0.505327996403624,"{'C': 6.166987894984273, 'degree': 2, 'a': -1, 'q': 0.03}",47,8,10
hepatitis,linear,0,0.2263086000457406,0.0007693898864090442,0.8,0.7951864801864803,0.2541666666666667,{'C': 3.90130999242047},42,8,10
hepatitis,linear,1,0.21859800023958087,0.000738269928842783,0.85,0.847027972027972,0.2694444444444445,{'C': 2.877249105178084},43,8,10
hepatitis,linear,2,0.21885670023038983,0.0008545799646526575,0.8125,0.7951098901098901,0.2375,{'C': 20.87121887449257},44,8,10
hepatitis,linear,3,0.21474169986322522,0.0007543099112808704,0.8125,0.8163228438228437,0.2375,{'C': 7.036901101574616},45,8,10
hepatitis,linear,4,0.21321639977395535,0.000681930035352707,0.8375,0.8422435897435898,0.28888888888888886,{'C': 1.0725933433582453},46,8,10
hepatitis,linear,5,0.25133869983255863,0.000747040007263422,0.825,0.8209523809523809,0.27083333333333337,{'C': 2.8380983088693443},47,8,10
hepatitis,poly,0,0.2146127000451088,0.0006722000427544117,0.825,0.8239102564102565,0.3222222222222222,"{'C': 20.811233577369745, 'degree': 2, 'gamma': 0.7400838537157916}",42,8,10
hepatitis,poly,1,0.23003209987655282,0.0006389399990439415,0.875,0.8665792540792541,0.3319444444444445,"{'C': 6.361273725371123, 'degree': 1, 'gamma': 3.468678178582751}",43,8,10
hepatitis,poly,2,0.21570749999955297,0.0006849000230431557,0.85,0.8383882783882785,0.28750000000000003,"{'C': 20.87121887449257, 'degree': 1, 'gamma': 2.982551919191829}",44,8,10
hepatitis,poly,3,0.21236030012369156,0.0006425099447369576,0.85,0.8521794871794872,0.3625,"{'C': 2.812409934004069, 'degree': 2, 'gamma': 1.9223568388864396}",45,8,10
hepatitis,poly,4,0.2173453001305461,0.0007646600715816021,0.85,0.8447435897435899,0.3208333333333333,"{'C': 18.952138540380794, 'degree': 2, 'gamma': 3.749930096242834}",46,8,10
hepatitis,poly,5,0.2220071000047028,0.0008731900248676539,0.8375,0.8216666666666667,0.44444444444444436,"{'C': 8.787343679511642, 'degree': 5, 'gamma': 3.201549584739277}",47,8,10
hepatitis,rbf,0,0.22599299997091293,0.0007883400190621615,0.8375,0.7645238095238094,1.0,"{'C': 9.364128431065215, 'gamma': 3.80362731460201}",42,8,10
hepatitis,rbf,1,0.22524600010365248,0.000763830030336976,0.8625,0.8162087912087911,0.861111111111111,"{'C': 6.361273725371123, 'gamma': 0.24227591946943294}",43,8,10
hepatitis,rbf,2,0.2238739999011159,0.0007924899458885193,0.8375,0.7645238095238094,0.9777777777777776,"{'C': 18.616267401506267, 'gamma': 1.4519955194586383}",44,8,10
hepatitis,rbf,3,0.2236851998604834,0.0007728600408881903,0.8375,0.7645238095238094,0.9888888888888889,"{'C': 24.725298825376527, 'gamma': 2.205217271021953}",45,8,10
hepatitis,rbf,4,0.2267944999039173,0.0007843100000172853,0.8375,0.7645238095238094,0.9916666666666668,"{'C': 19.59602493779296, 'gamma': 2.545040547553847}",46,8,10
hepatitis,rbf,5,0.22605259995907545,0.0008246900513768196,0.8375,0.7645238095238094,1.0,"{'C': 2.8380983088693443, 'gamma': 3.898331079395257}",47,8,10
hepatitis,custom_hermite,0,0.3799871997907758,0.0020188699942082166,0.8375,0.7645238095238094,0.35,"{'C': 9.364128431065215, 'degree': 6}",42,8,10
hepatitis,custom_hermite,1,0.3655588999390602,0.001751859998330474,0.8375,0.7645238095238094,0.3249999999999999,"{'C': 2.877249105178084, 'degree': 4}",43,8,10
hepatitis,custom_hermite,2,0.34770349971950054,0.0012520499527454375,0.8375,0.7645238095238094,0.3249999999999999,"{'C': 20.87121887449257, 'degree': 1}",44,8,10
hepatitis,custom_hermite,3,0.33926700009033084,0.001683219987899065,0.8375,0.7645238095238094,0.34444444444444444,"{'C': 24.725298825376527, 'degree': 4}",45,8,10
hepatitis,custom_hermite,4,0.3805268998257816,0.0017181599978357553,0.8375,0.7645238095238094,0.33611111111111114,"{'C': 19.59602493779296, 'degree': 4}",46,8,10
hepatitis,custom_hermite,5,0.35475239995867014,0.0020248000510036945,0.8375,0.7645238095238094,0.3249999999999999,"{'C': 2.8380983088693443, 'degree': 6}",47,8,10
hepatitis,custom_gegen,0,0.3700451999902725,0.001148389931768179,0.85,0.834102564102564,0.6499999999999999,"{'C': 3.4882070224403936, 'degree': 2, 'alpha': 0.23906006815444647}",42,8,10
hepatitis,custom_gegen,1,0.3732497999444604,0.0012488800566643476,0.85,0.8400000000000001,0.47638888888888886,"{'C': 5.526503868113398, 'degree': 3, 'alpha': 0.1390319773262353}",43,8,10
hepatitis,custom_gegen,2,0.4102086997590959,0.002748079923912883,0.8375,0.7645238095238094,0.3249999999999999,"{'C': 20.87121887449257, 'degree': 1, 'alpha': 0.9918345585422403}",44,8,10
hepatitis,custom_gegen,3,0.35423919977620244,0.001223049918189645,0.8375,0.7645238095238094,0.9680555555555556,"{'C': 1.933161862413238, 'degree': 3, 'alpha': 0.45088785981341584}",45,8,10
hepatitis,custom_gegen,4,0.3555266000330448,0.00132102994248271,0.8625,0.8128571428571428,0.8555555555555555,"{'C': 11.375642969250542, 'degree': 4, 'alpha': -0.3210331699585467}",46,8,10
hepatitis,custom_gegen,5,0.4227915001101792,0.0030989300459623335,0.8375,0.7645238095238094,0.3249999999999999,"{'C': 2.8380983088693443, 'degree': 6, 'alpha': 0.9601819206672013}",47,8,10
hepatitis,custom_alsalam,0,0.3929649000056088,0.0023675499949604275,0.8375,0.7645238095238094,0.3249999999999999,"{'C': 9.364128431065215, 'degree': 6, 'a': -1, 'q': 0.73}",42,8,10
hepatitis,custom_alsalam,1,0.40699509996920824,0.001712450012564659,0.8375,0.7645238095238094,0.3249999999999999,"{'C': 6.015499909513754, 'degree': 2, 'a': -1, 'q': 0.86}",43,8,10
hepatitis,custom_alsalam,2,0.3767323000356555,0.0012515000533312559,0.8375,0.7645238095238094,0.3249999999999999,"{'C': 20.87121887449257, 'degree': 1, 'a': -1, 'q': 0.74}",44,8,10
hepatitis,custom_alsalam,3,0.4076578998938203,0.0023623800836503504,0.8375,0.7645238095238094,0.3249999999999999,"{'C': 15.685164675927945, 'degree': 6, 'a': -1, 'q': 0.65}",45,8,10
hepatitis,custom_alsalam,4,0.3806290999054909,0.0014714900404214858,0.8375,0.7645238095238094,0.3249999999999999,"{'C': 18.952138540380794, 'degree': 2, 'a': -1, 'q': 0.93}",46,8,10
hepatitis,custom_alsalam,5,0.40555870020762086,0.0023639199789613485,0.8375,0.7645238095238094,0.3249999999999999,"{'C': 2.8380983088693443, 'degree': 6, 'a': -1, 'q': 0.73}",47,8,10
wine,linear,0,0.20993239991366863,0.0008243900258094073,0.9718954248366012,0.9719502211659075,0.14795419254658385,{'C': 9.364128431065215},42,8,10
wine,linear,1,0.20936420001089573,0.0007629100698977708,0.9666666666666668,0.9665259431926099,0.1641770186335404,{'C': 2.877249105178084},43,8,10
wine,linear,2,0.22883159993216395,0.0007998701184988022,0.961111111111111,0.961017686017686,0.14669642857142856,{'C': 20.87121887449257},44,8,10
wine,linear,3,0.2073153997771442,0.0007336899638175964,0.9722222222222221,0.9720987654320987,0.2097437888198758,{'C': 1.2140015006602403},45,8,10
wine,linear,4,0.2080107000656426,0.0007495500147342681,0.9888888888888889,0.9889665889665888,0.21972826086956526,{'C': 1.0725933433582453},46,8,10
wine,linear,5,0.21080320002511144,0.0007873999420553446,0.9607843137254901,0.9597666302683603,0.16666925465838509,{'C': 2.8380983088693443},47,8,10
wine,poly,0,0.22492880001664162,0.000753059983253479,0.9888888888888889,0.9888042821376155,0.26964285714285713,"{'C': 3.4882070224403936, 'degree': 2, 'gamma': 1.475347969373303}",42,8,10
wine,poly,1,0.2509437999688089,0.0007612200919538736,0.9944444444444445,0.9944832944832944,0.28338121118012427,"{'C': 6.361273725371123, 'degree': 1, 'gamma': 3.468678178582751}",43,8,10
wine,poly,2,0.24397760024294257,0.0007588498760014772,0.9718954248366012,0.9717790959947823,0.22846661490683232,"{'C': 10.691860375019163, 'degree': 1, 'gamma': 0.8838158075525571}",44,8,10
wine,poly,3,0.2660468998365104,0.0010356000158935786,0.9777777777777779,0.9778554778554778,0.2865100931677018,"{'C': 2.812409934004069, 'degree': 2, 'gamma': 1.9223568388864396}",45,8,10
wine,poly,4,0.2528495001606643,0.0008287000004202127,0.9888888888888889,0.9889665889665888,0.26216614906832303,"{'C': 7.4983963426883635, 'degree': 1, 'gamma': 1.49865351313378}",46,8,10
wine,poly,5,0.23663239972665906,0.0007566000334918499,0.9777777777777779,0.9773180523180522,0.303361801242236,"{'C': 2.469050145265414, 'degree': 2, 'gamma': 2.569034341275915}",47,8,10
wine,rbf,0,0.25923690013587475,0.0010720099788159132,0.9888888888888889,0.9888042821376155,0.4045069875776398,"{'C': 3.90130999242047, 'gamma': 0.6371656669645575}",42,8,10
wine,rbf,1,0.27932910015806556,0.0013573299627751112,0.9833333333333334,0.9831252697919364,0.561789596273292,"{'C': 3.3356407136855206, 'gamma': 0.9742242670494365}",43,8,10
wine,rbf,2,0.27161569986492395,0.0010621800553053617,0.9774509803921569,0.9773736358050084,0.34019021739130434,"{'C': 20.87121887449257, 'gamma': 0.43317197834869975}",44,8,10
wine,rbf,3,0.2930181003175676,0.0011102999560534954,0.9888888888888889,0.9888888888888889,0.4425737577639752,"{'C': 1.2140015006602403, 'gamma': 0.6663708483298129}",45,8,10
wine,rbf,4,0.2675140998326242,0.0010218300390988587,0.988562091503268,0.9883768519062637,0.3027329192546584,"{'C': 12.698850583254085, 'gamma': 0.3539301323851334}",46,8,10
wine,rbf,5,0.2700310000218451,0.0012935000006109477,0.9888888888888889,0.9888042821376155,0.6972360248447206,"{'C': 18.218637102894156, 'gamma': 1.4160045391037324}",47,8,10
wine,custom_hermite,0,0.39468759996816516,0.0017949999775737524,0.9888888888888889,0.9889665889665888,0.25218555900621115,"{'C': 20.811233577369745, 'degree': 2}",42,8,10
wine,custom_hermite,1,0.40428460016846657,0.0024020500015467404,0.9830065359477125,0.9830785989609518,0.5530667701863354,"{'C': 0.7263165967845856, 'degree': 5}",43,8,10
wine,custom_hermite,2,0.38967749988660216,0.002200720086693764,0.9830065359477125,0.9828506279486671,0.2915178571428571,"{'C': 8.98341163436399, 'degree': 4}",44,8,10
wine,custom_hermite,3,0.38127929996699095,0.002147029899060726,0.9830065359477125,0.9828527489427143,0.23283385093167702,"{'C': 24.725298825376527, 'degree': 4}",45,8,10
wine,custom_hermite,4,0.39496449986472726,0.0018238400109112263,0.9944444444444445,0.9944832944832944,0.2509355590062112,"{'C': 21.677167808874145, 'degree': 2}",46,8,10
wine,custom_hermite,5,0.3794337003491819,0.002068899990990758,0.9722222222222221,0.9718440818440819,0.24657608695652175,"{'C': 18.218637102894156, 'degree': 3}",47,8,10
wine,custom_gegen,0,0.9409906002692878,0.00242166998796165,0.9774509803921569,0.9776292335115864,0.25402950310559,"{'C': 3.4882070224403936, 'degree': 2, 'alpha': 0.23906006815444647}",42,8,10
wine,custom_gegen,1,0.9166759001091123,0.0026188100688159465,0.9833333333333334,0.9834110334110333,0.25531055900621114,"{'C': 2.877249105178084, 'degree': 4, 'alpha': -0.2245519812698833}",43,8,10
wine,custom_gegen,2,1.0276560997590423,0.003201160067692399,0.9944444444444445,0.9944444444444445,0.8308307453416148,"{'C': 17.75398968518351, 'degree': 6, 'alpha': 0.41867600678848516}",44,8,10
wine,custom_gegen,3,0.8185368999838829,0.002613419946283102,0.9944444444444445,0.9944444444444445,0.5517857142857142,"{'C': 1.933161862413238, 'degree': 3, 'alpha': 0.45088785981341584}",45,8,10
wine,custom_gegen,4,0.8179315002635121,0.0026469001080840827,0.9888888888888889,0.9889277389277389,0.2965023291925466,"{'C': 11.375642969250542, 'degree': 4, 'alpha': -0.3210331699585467}",46,8,10
wine,custom_gegen,5,1.0488980999216437,0.00285957008600235,0.9718954248366014,0.9711885416902717,0.3689052795031056,"{'C': 3.1787371619055294, 'degree': 5, 'alpha': -0.47957646815918376}",47,8,10
wine,custom_alsalam,0,0.3758527999743819,0.001750389952212572,0.9888888888888889,0.9888042821376155,0.36330745341614906,"{'C': 20.811233577369745, 'degree': 2, 'a': -1, 'q': 0.19}",42,8,10
wine,custom_alsalam,1,0.392815800383687,0.0021092798560857773,0.9888888888888889,0.9888042821376155,0.4101358695652174,"{'C': 16.652589237237546, 'degree': 4, 'a': -1, 'q': 0.03}",43,8,10
wine,custom_alsalam,2,0.41724100010469556,0.0025963800027966498,0.9830065359477125,0.9830526481506874,0.504988354037267,"{'C': 17.75398968518351, 'degree': 6, 'a': -1, 'q': 0.46}",44,8,10
wine,custom_alsalam,3,0.40229260036721826,0.0021368900779634714,0.9888888888888889,0.9888888888888889,0.46315993788819865,"{'C': 24.725298825376527, 'degree': 4, 'a': -1, 'q': 0.28}",45,8,10
wine,custom_alsalam,4,0.3856172999367118,0.002143640024587512,0.9944444444444445,0.9944832944832944,0.4538004658385093,"{'C': 19.59602493779296, 'degree': 4, 'a': -1, 'q': 0.25}",46,8,10
wine,custom_alsalam,5,0.4022798999212682,0.00230943001806736,0.9830065359477125,0.9831847890671419,0.4076048136645962,"{'C': 3.1787371619055294, 'degree': 5, 'a': -1, 'q': 0.01}",47,8,10
haberman,linear,0,0.3568994998931885,0.0013650599401444196,0.7220430107526882,0.6165466588859951,0.5392239789196311,{'C': 1.4530322205928181},42,8,10
haberman,linear,1,0.3490482000634074,0.001498000044375658,0.7222580645161291,0.6165885559867157,0.5417523056653492,{'C': 2.877249105178084},43,8,10
haberman,linear,2,0.3965913001447916,0.0034264099784195425,0.7288172043010752,0.6199167668066025,0.5446627140974968,{'C': 20.87121887449257},44,8,10
haberman,linear,3,0.35648699989542365,0.003359859995543957,0.7252688172043011,0.6343056701419453,0.5421277997364955,{'C': 24.725298825376527},45,8,10
haberman,linear,4,0.3604409000836313,0.001312999939545989,0.7286021505376344,0.6198130517195355,0.5450382081686429,{'C': 1.0725933433582453},46,8,10
haberman,linear,5,0.3887183996848762,0.0015422300435602664,0.7254838709677419,0.6181958236317191,0.5421212121212121,{'C': 2.8380983088693443},47,8,10
haberman,poly,0,0.48228259989991784,0.00774211990647018,0.7418279569892473,0.7044064763433286,0.541760210803689,"{'C': 9.364128431065215, 'degree': 6, 'gamma': 2.9321633619048173}",42,8,10
haberman,poly,1,0.5542502999305725,0.006410220079123974,0.7616129032258064,0.7116836159008788,0.5355783926218709,"{'C': 16.652589237237546, 'degree': 4, 'gamma': 0.13122695669081097}",43,8,10
haberman,poly,2,0.5335014997981489,0.002099180035293102,0.7321505376344086,0.6535577545969481,0.5312252964426877,"{'C': 16.160617649522433, 'degree': 2, 'gamma': 2.553002555011625}",44,8,10
haberman,poly,3,0.5945097003132105,0.007160550123080612,0.7315053763440861,0.6860749745133884,0.534137022397892,"{'C': 24.725298825376527, 'degree': 4, 'gamma': 1.1370165937272034}",45,8,10
haberman,poly,4,0.5137235000729561,0.0022381999529898166,0.738494623655914,0.6631919444035015,0.5345006587615283,"{'C': 18.952138540380794, 'degree': 2, 'gamma': 3.749930096242834}",46,8,10
haberman,poly,5,0.4395010001026094,0.0015868599992245435,0.7418279569892474,0.6614718130187823,0.537760210803689,"{'C': 6.166987894984273, 'degree': 2, 'gamma': 0.11129523917292246}",47,8,10
haberman,rbf,0,0.39827000023797154,0.0019041600171476603,0.7383870967741937,0.6817627771975021,0.5443017127799737,"{'C': 4.546442355210308, 'gamma': 0.7463773439472754}",42,8,10
haberman,rbf,1,0.3773153997026384,0.0018868399783968925,0.7521505376344086,0.6976463516704775,0.5508221343873517,"{'C': 3.3356407136855206, 'gamma': 0.9742242670494365}",43,8,10
haberman,rbf,2,0.43394589982926846,0.0025021099019795654,0.7386021505376343,0.6877574944465138,0.541030303030303,"{'C': 20.87121887449257, 'gamma': 0.43317197834869975}",44,8,10
haberman,rbf,3,0.4122569002211094,0.0016761700157076121,0.7287096774193549,0.6441842654512449,0.5461238471673255,"{'C': 1.2140015006602403, 'gamma': 0.6663708483298129}",45,8,10
haberman,rbf,4,0.4025054997764528,0.002067630086094141,0.7317204301075269,0.6611473350771286,0.5374097496706193,"{'C': 12.698850583254085, 'gamma': 0.3539301323851334}",46,8,10
haberman,rbf,5,0.39475199999287724,0.0019038399681448937,0.7286021505376346,0.6791527918162779,0.5504769433465084,"{'C': 2.469050145265414, 'gamma': 1.2126764221426334}",47,8,10
haberman,custom_hermite,0,0.3696436998434365,0.002499019913375378,0.741505376344086,0.6737838883960828,0.5352292490118576,"{'C': 18.300116551343315, 'degree': 4}",42,8,10
haberman,custom_hermite,1,0.3683337001129985,0.0025838900357484816,0.7453763440860215,0.6842278677285433,0.5381251646903821,"{'C': 8.179149256222683, 'degree': 6}",43,8,10
haberman,custom_hermite,2,0.36535599967464805,0.0017797600943595172,0.7418279569892473,0.6662980637701634,0.5334057971014492,"{'C': 20.87121887449257, 'degree': 1}",44,8,10
haberman,custom_hermite,3,0.36730080004781485,0.0018448500428348779,0.738494623655914,0.6676272291845894,0.535957839262187,"{'C': 15.457743794700386, 'degree': 2}",45,8,10
haberman,custom_hermite,4,0.37786459969356656,0.002493719989433885,0.7416129032258064,0.6646577459225909,0.5337839262187088,"{'C': 22.818144526090006, 'degree': 3}",46,8,10
haberman,custom_hermite,5,0.35915610007941723,0.0024344999808818104,0.7449462365591398,0.6796775426532224,0.5384901185770751,"{'C': 18.218637102894156, 'degree': 3}",47,8,10
haberman,custom_gegen,0,0.749123599845916,0.007569369953125715,0.7416129032258064,0.692504787847916,0.5261475625823452,"{'C': 10.799193521034251, 'degree': 2, 'alpha': 0.7275872604975351}",42,8,10
haberman,custom_gegen,1,0.7846500999294221,0.0077605899423360825,0.7486021505376345,0.6800167106068434,0.5388432147562583,"{'C': 6.015499909513754, 'degree': 2, 'alpha': 1.2196836069877095}",43,8,10
haberman,custom_gegen,2,0.8796398001722991,0.007675660029053688,0.7453763440860215,0.694786419190533,0.5294123847167326,"{'C': 16.160617649522433, 'degree': 2, 'alpha': 0.7772957074756099}",44,8,10
haberman,custom_gegen,3,0.7329132999293506,0.007701709959656,0.7347311827956988,0.6857012753440151,0.5250671936758893,"{'C': 11.013831688474836, 'degree': 2, 'alpha': 0.5243023712538111}",45,8,10
haberman,custom_gegen,4,0.6764469998888671,0.003985230065882206,0.7381720430107527,0.6865905371226575,0.5410408432147562,"{'C': 9.871403897553764, 'degree': 4, 'alpha': -0.4183827982365956}",46,8,10
haberman,custom_gegen,5,0.8427039002999663,0.008196209976449608,0.7517204301075269,0.7074752240586469,0.530866930171278,"{'C': 8.787343679511642, 'degree': 5, 'alpha': 1.101213157303507}",47,8,10
haberman,custom_alsalam,0,0.45029049972072244,0.0022241900209337474,0.7449462365591397,0.6831679955992687,0.5533833992094863,"{'C': 1.4530322205928181, 'degree': 6, 'a': -1, 'q': 0.6}",42,8,10
haberman,custom_alsalam,1,0.4204734996892512,0.001680910075083375,0.7386021505376344,0.6547790167524512,0.5330355731225296,"{'C': 6.015499909513754, 'degree': 2, 'a': -1, 'q': 0.86}",43,8,10
haberman,custom_alsalam,2,0.4204403003677726,0.0023399700410664083,0.7420430107526881,0.6845514314440244,0.5337694334650855,"{'C': 16.160617649522433, 'degree': 2, 'a': -1, 'q': 0.64}",44,8,10
haberman,custom_alsalam,3,0.4285136996768415,0.0019295099191367626,0.7382795698924731,0.674434511331789,0.5334137022397892,"{'C': 2.812409934004069, 'degree': 2, 'a': -1, 'q': 0.48000000000000004}",45,8,10
haberman,custom_alsalam,4,0.4757345002144575,0.0027161999605596066,0.7382795698924731,0.6590602102766508,0.5334097496706193,"{'C': 7.4983963426883635, 'degree': 1, 'a': -1, 'q': 0.37}",46,8,10
haberman,custom_alsalam,5,0.3865633001551032,0.002108699968084693,0.7480645161290322,0.6808216433861773,0.5410316205533597,"{'C': 2.8380983088693443, 'degree': 6, 'a': -1, 'q': 0.73}",47,8,10
ionosphere,linear,0,0.5880057998001575,0.003472140058875084,0.8944444444444445,0.8900648925287987,0.2421679726743018,{'C': 3.90130999242047},42,8,10
ionosphere,linear,1,0.5587887996807694,0.0025823500007390978,0.8717460317460318,0.8662688797367147,0.24660036166365282,{'C': 2.877249105178084},43,8,10
ionosphere,linear,2,0.631986299995333,0.005733610037714243,0.8915873015873015,0.8857960267498957,0.21621157323688972,{'C': 15.231350277073174},44,8,10
ionosphere,linear,3,0.5697888000868261,0.004000190133228898,0.8746825396825397,0.8702005280662268,0.24342877235282295,{'C': 4.08394788075846},45,8,10
ionosphere,linear,4,0.6159961000084877,0.0042338699102401735,0.8915873015873015,0.8873818432315034,0.2339381153305204,{'C': 6.226828244802206},46,8,10
ionosphere,linear,5,0.6269940999336541,0.0030633399728685617,0.891825396825397,0.8868367413549759,0.25197508539280694,{'C': 2.8380983088693443},47,8,10
ionosphere,poly,0,0.4059121999889612,0.003945490112528205,0.9144444444444446,0.9117624200242146,0.28490456098051037,"{'C': 1.4530322205928181, 'degree': 6, 'gamma': 2.4106926249143474}",42,8,10
ionosphere,poly,1,0.5050582000985742,0.0041708600707352165,0.9200000000000002,0.91590191824278,0.23204139039582078,"{'C': 18.343973658710794, 'degree': 3, 'gamma': 3.211281488286093}",43,8,10
ionosphere,poly,2,0.4798905001953244,0.0041270899586379525,0.917142857142857,0.9132390957311183,0.25735985533453887,"{'C': 9.013160405570884, 'degree': 3, 'gamma': 2.443059172775448}",44,8,10
ionosphere,poly,3,0.5100835999473929,0.007015869952738285,0.925873015873016,0.9234676630184493,0.22728852722523607,"{'C': 24.768051397260244, 'degree': 3, 'gamma': 2.4791420829636928}",45,8,10
ionosphere,poly,4,0.47954950015991926,0.004112889990210533,0.9230158730158731,0.9194512170364435,0.24153204741812337,"{'C': 11.375642969250542, 'degree': 4, 'gamma': 0.3539301323851334}",46,8,10
ionosphere,poly,5,0.44568710029125214,0.0040062400046736,0.9316666666666666,0.9299910459617406,0.26558268032951576,"{'C': 3.1787371619055294, 'degree': 5, 'gamma': 0.036494979737815125}",47,8,10
ionosphere,rbf,0,0.47082059970125556,0.003267479920759797,0.9400000000000001,0.9405496475919939,0.5995609805103477,"{'C': 3.90130999242047, 'gamma': 0.6371656669645575}",42,8,10
ionosphere,rbf,1,0.46944899996742606,0.002928679995238781,0.9514285714285714,0.9509531683538782,0.46660337552742615,"{'C': 6.361273725371123, 'gamma': 0.24227591946943294}",43,8,10
ionosphere,rbf,2,0.4750267998315394,0.0030992799904197453,0.9486507936507935,0.9482283301327479,0.5378280088406671,"{'C': 20.87121887449257, 'gamma': 0.43317197834869975}",44,8,10
ionosphere,rbf,3,0.4759392002597451,0.0031834098976105452,0.9457936507936507,0.9456696657584166,0.510609805103476,"{'C': 7.036901101574616, 'gamma': 0.3235756148467037}",45,8,10
ionosphere,rbf,4,0.474015099927783,0.0030884000938385726,0.9430158730158731,0.9429000401434158,0.514400241109102,"{'C': 12.698850583254085, 'gamma': 0.3539301323851334}",46,8,10
ionosphere,rbf,5,0.47268790006637573,0.002933609951287508,0.9402380952380952,0.9391525619044186,0.2617842073538276,"{'C': 6.40055479001776, 'gamma': 0.11129523917292246}",47,8,10
ionosphere,custom_hermite,0,1.8995926999486983,0.01695026005618274,0.6865873015873016,0.59503320176784,0.6644524814145066,"{'C': 18.300116551343315, 'degree': 4}",42,8,10
ionosphere,custom_hermite,1,1.8974367999471724,0.018645960045978426,0.6894444444444445,0.6023493318227693,0.671416515973478,"{'C': 8.179149256222683, 'degree': 6}",43,8,10
ionosphere,custom_hermite,2,1.8697282001376152,0.018182679964229464,0.6865873015873016,0.5961096697164885,0.6771177416114125,"{'C': 5.448253834793757, 'degree': 6}",44,8,10
ionosphere,custom_hermite,3,1.7428825995884836,0.017676520021632315,0.6835714285714285,0.5956748427308157,0.6616033755274262,"{'C': 24.725298825376527, 'degree': 4}",45,8,10
ionosphere,custom_hermite,4,1.894375799689442,0.01838600989431143,0.6837301587301587,0.5988865617118269,0.6723658830620856,"{'C': 7.827610313856364, 'degree': 6}",46,8,10
ionosphere,custom_hermite,5,1.841555000282824,0.01850540013983846,0.6837301587301589,0.5937339811931355,0.6682489451476794,"{'C': 17.690420851338768, 'degree': 5}",47,8,10
ionosphere,custom_gegen,0,6.872331299819052,0.028976589953526855,0.9372222222222222,0.9359126560971148,0.20449568012859154,"{'C': 20.811233577369745, 'degree': 2, 'alpha': -0.12816831525786976}",42,8,10
ionosphere,custom_gegen,1,7.490235999692231,0.030861240066587924,0.9344444444444445,0.9332471818334606,0.2570423950170786,"{'C': 2.877249105178084, 'degree': 4, 'alpha': -0.2245519812698833}",43,8,10
ionosphere,custom_gegen,2,7.808094900101423,0.023096210043877363,0.8943650793650795,0.8893124208816161,0.3716395418927065,"{'C': 10.691860375019163, 'degree': 1, 'alpha': -0.05638125000041694}",44,8,10
ionosphere,custom_gegen,3,6.333768299780786,0.029896530043333768,0.9287301587301589,0.9295820469993334,0.6008227848101266,"{'C': 1.933161862413238, 'degree': 3, 'alpha': 0.45088785981341584}",45,8,10
ionosphere,custom_gegen,4,6.632464100141078,0.03911369005218148,0.9257936507936508,0.9244599526374643,0.2728691983122363,"{'C': 11.375642969250542, 'degree': 4, 'alpha': -0.3210331699585467}",46,8,10
ionosphere,custom_gegen,5,8.292716700118035,0.031408119946718216,0.9203174603174602,0.9191569123975343,0.2554450472171991,"{'C': 6.166987894984273, 'degree': 2, 'alpha': -0.4422174052507317}",47,8,10
ionosphere,custom_alsalam,0,1.509297200012952,0.013061759993433952,0.9315873015873015,0.9299410970096409,0.5821458710066305,"{'C': 3.4882070224403936, 'degree': 2, 'a': -1, 'q': 0.37}",42,8,10
ionosphere,custom_alsalam,1,1.5278170998208225,0.013411169964820146,0.9457936507936509,0.9459773321029884,0.6229827205143661,"{'C': 5.526503868113398, 'degree': 3, 'a': -1, 'q': 0.32}",43,8,10
ionosphere,custom_alsalam,2,1.475101100280881,0.014390660030767322,0.9288095238095238,0.9295074688069258,0.6451426562186056,"{'C': 17.75398968518351, 'degree': 6, 'a': -1, 'q': 0.46}",44,8,10
ionosphere,custom_alsalam,3,1.5035230000503361,0.012434919970110059,0.9486507936507937,0.948902843583101,0.5948061080972474,"{'C': 2.812409934004069, 'degree': 2, 'a': -1, 'q': 0.48000000000000004}",45,8,10
ionosphere,custom_alsalam,4,1.3735968000255525,0.013035730086266994,0.9344444444444445,0.9347139463710892,0.6062075547518584,"{'C': 9.871403897553764, 'degree': 4, 'a': -1, 'q': 0.04}",46,8,10
ionosphere,custom_alsalam,5,1.5811012000776827,0.020669239945709704,0.9318253968253968,0.9326818713164153,0.6049417319670484,"{'C': 3.1787371619055294, 'degree': 5, 'a': -1, 'q': 0.01}",47,8,10
breast,linear,0,0.5208739000372589,0.0038951400201767683,0.9677962489343563,0.9677349100866772,0.0735319509546887,{'C': 9.364128431065215},42,8,10
breast,linear,1,0.5112740998156369,0.0031566200312227012,0.9648337595907929,0.9649246042107267,0.07515902650883188,{'C': 2.877249105178084},43,8,10
breast,linear,2,0.5103172999806702,0.003208829928189516,0.9693094629156009,0.9694095529504428,0.07385583008924552,{'C': 2.6207978131423735},44,8,10
breast,linear,3,0.49586489982903004,0.004304449912160635,0.9677109974424554,0.9677450250297234,0.07239479886655545,{'C': 24.725298825376527},45,8,10
breast,linear,4,0.506780999712646,0.0027342499699443577,0.9692668371696506,0.969364619221067,0.07776091734858717,{'C': 1.0725933433582453},46,8,10
breast,linear,5,0.535708200186491,0.0032720100600272415,0.9664109121909632,0.9665613215884227,0.07385530044225523,{'C': 2.8380983088693443},47,8,10
breast,poly,0,0.6652835998684168,0.0028629799373447893,0.9692455242966751,0.9692811097126247,0.08117740525939461,"{'C': 3.4882070224403936, 'degree': 2, 'gamma': 1.475347969373303}",42,8,10
breast,poly,1,1.0478077000007033,0.003014180017635226,0.9736572890025575,0.9737591344365797,0.08329281533857683,"{'C': 6.015499909513754, 'degree': 2, 'gamma': 3.438750940498319}",43,8,10
breast,poly,2,0.9896536995656788,0.003047560015693307,0.9707587382779199,0.9708287020196721,0.07759778607558063,"{'C': 10.691860375019163, 'degree': 1, 'gamma': 0.8838158075525571}",44,8,10
breast,poly,3,0.9677420002408326,0.002700540004298091,0.9706308610400682,0.9707285627425051,0.0806914541458118,"{'C': 2.812409934004069, 'degree': 2, 'gamma': 1.9223568388864396}",45,8,10
breast,poly,4,1.0634997999295592,0.011296009924262763,0.9707161125319693,0.9708338341664492,0.08378062021662562,"{'C': 1.0725933433582453, 'degree': 3, 'gamma': 3.652252873960553}",46,8,10
breast,poly,5,0.858279200270772,0.0031774100847542287,0.9707800511508953,0.9709598033202521,0.08263949577606525,"{'C': 6.773749163565875, 'degree': 2, 'gamma': 3.8183630314316934}",47,8,10
breast,rbf,0,0.7864256002940238,0.006890519987791777,0.964855072463768,0.9652201169287583,0.44590847700007946,"{'C': 15.028274178568475, 'gamma': 2.8368516771561185}",42,8,10
breast,rbf,1,0.789153499994427,0.005767880007624626,0.9619565217391303,0.9620154829703015,0.11159979873414369,"{'C': 6.361273725371123, 'gamma': 0.24227591946943294}",43,8,10
breast,rbf,2,0.7830687998794019,0.0062317799776792525,0.964919011082694,0.9652989647302206,0.4338706602049734,"{'C': 8.98341163436399, 'gamma': 2.443059172775448}",44,8,10
breast,rbf,3,0.8514233003370464,0.005903600016608834,0.9662617220801366,0.9664212468228991,0.2295415905299118,"{'C': 1.2140015006602403, 'gamma': 0.6663708483298129}",45,8,10
breast,rbf,4,0.7883648998104036,0.006165319960564375,0.964855072463768,0.9651683458359382,0.3977542967612086,"{'C': 1.0725933433582453, 'gamma': 1.7722052636656271}",46,8,10
breast,rbf,5,0.7628124002367258,0.005617879936471582,0.9693094629156012,0.9694071777650061,0.09419162628108366,"{'C': 6.40055479001776, 'gamma': 0.11129523917292246}",47,8,10
breast,custom_hermite,0,3.339354599826038,0.03498372002504766,0.9721867007672635,0.9721799822854633,0.19782023781149866,"{'C': 15.028274178568475, 'degree': 5}",42,8,10
breast,custom_hermite,1,3.336172700393945,0.031959980027750134,0.9721653878942883,0.9722284510301524,0.2189698366039035,"{'C': 8.179149256222683, 'degree': 6}",43,8,10
breast,custom_hermite,2,3.317551900167018,0.03344251997768879,0.9751065643648763,0.975096654850786,0.19293901114906914,"{'C': 18.616267401506267, 'degree': 3}",44,8,10
breast,custom_hermite,3,3.2311317999847233,0.03368631997145712,0.9735720375106565,0.9736252189229424,0.18171579142501523,"{'C': 24.768051397260244, 'degree': 3}",45,8,10
breast,custom_hermite,4,3.4399329996667802,0.03257806999608874,0.9722080136402387,0.9722002801154908,0.18952278806175682,"{'C': 19.59602493779296, 'degree': 4}",46,8,10
breast,custom_hermite,5,3.4103900003246963,0.033448470011353496,0.9737212276214835,0.9737442509306801,0.19277482058208206,"{'C': 18.218637102894156, 'degree': 3}",47,8,10
breast,custom_gegen,0,7.702253099996597,0.047136239940300584,0.9692455242966751,0.9692662634845745,0.08638277587987606,"{'C': 20.811233577369745, 'degree': 2, 'alpha': -0.12816831525786976}",42,8,10
breast,custom_gegen,1,7.72715779999271,0.04889488997869194,0.9706947996589941,0.9708317702288047,0.09272953576441303,"{'C': 5.526503868113398, 'degree': 3, 'alpha': 0.1390319773262353}",43,8,10
breast,custom_gegen,2,8.351799900177866,0.051462679915130136,0.9692881500426257,0.9693020572252525,0.09907205847302772,"{'C': 10.691860375019163, 'degree': 1, 'alpha': -0.05638125000041694}",44,8,10
breast,custom_gegen,3,7.057895100209862,0.04499437008053064,0.9677323103154307,0.9677896501935745,0.09061571462620163,"{'C': 24.725298825376527, 'degree': 4, 'alpha': 0.07008013089057508}",45,8,10
breast,custom_gegen,4,7.085624700412154,0.0449313900899142,0.9751491901108269,0.9751814099074835,0.3803477132491195,"{'C': 19.59602493779296, 'degree': 4, 'alpha': 0.00559575211634028}",46,8,10
breast,custom_gegen,5,8.271866499911994,0.04807222001254559,0.9546462063086103,0.9546853047562573,0.12087073965202193,"{'C': 3.1787371619055294, 'degree': 5, 'alpha': -0.47957646815918376}",47,8,10
breast,custom_alsalam,0,1.7662967001087964,0.016203999985009432,0.9677749360613811,0.9679102846741756,0.34960117581631844,"{'C': 1.4530322205928181, 'degree': 6, 'a': -1, 'q': 0.6}",42,8,10
breast,custom_alsalam,1,1.7483132001943886,0.015313100023195147,0.9589727195225916,0.9592217715707833,0.1891989089272,"{'C': 2.877249105178084, 'degree': 4, 'a': -1, 'q': 0.14}",43,8,10
breast,custom_alsalam,2,1.829355400055647,0.015146220056340098,0.963469735720375,0.9634163959738234,0.32634013929715844,"{'C': 16.160617649522433, 'degree': 2, 'a': -1, 'q': 0.64}",44,8,10
breast,custom_alsalam,3,1.8176748999394476,0.01683191005140543,0.9647911338448424,0.9648967494915522,0.23913932364079343,"{'C': 24.768051397260244, 'degree': 3, 'a': -1, 'q': 0.62}",45,8,10
breast,custom_alsalam,4,1.7380103003233671,0.016547620063647628,0.963384484228474,0.9635779056957976,0.20139694393686608,"{'C': 19.59602493779296, 'degree': 4, 'a': -1, 'q': 0.25}",46,8,10
breast,custom_alsalam,5,1.742997500114143,0.01656498000957072,0.9619565217391305,0.9621299241401543,0.19196499033394243,"{'C': 3.1787371619055294, 'degree': 5, 'a': -1, 'q': 0.01}",47,8,10
australian,linear,0,1.8303722999989986,0.01916279997676611,0.8536231884057971,0.8538093625836423,0.34541062801932365,{'C': 9.364128431065215},42,8,10
australian,linear,1,1.767008200287819,0.012795590003952384,0.8550724637681159,0.8553058487978294,0.31980676328502416,{'C': 2.877249105178084},43,8,10
australian,linear,2,1.843527799937874,0.02029300001449883,0.8492753623188405,0.8495262598367738,0.3605475040257649,{'C': 20.87121887449257},44,8,10
australian,linear,3,1.6635892996564507,0.012036870000883937,0.855072463768116,0.8553148311912203,0.31755233494363927,{'C': 1.933161862413238},45,8,10
australian,linear,4,1.8734196000732481,0.020773880043998362,0.855072463768116,0.8551822776205645,0.3505636070853462,{'C': 19.59602493779296},46,8,10
australian,linear,5,1.7870326000265777,0.012687230063602329,0.8521739130434783,0.8522494269966776,0.3244766505636071,{'C': 2.8380983088693443},47,8,10
australian,poly,0,1.0855704001151025,0.0057569198776036504,0.8623188405797102,0.8622197725971438,0.3156199677938808,"{'C': 10.799193521034251, 'degree': 2, 'gamma': 2.4534763774094808}",42,8,10
australian,poly,1,1.5763136995956302,0.014681699965149165,0.8637681159420291,0.8638385742350124,0.3307568438003221,"{'C': 2.877249105178084, 'degree': 4, 'gamma': 0.547104622928547}",43,8,10
australian,poly,2,1.5676863002590835,0.007157840020954609,0.8579710144927535,0.8581015976815696,0.3177133655394525,"{'C': 16.160617649522433, 'degree': 2, 'gamma': 2.553002555011625}",44,8,10
australian,poly,3,1.4773357999511063,0.005971809988841415,0.8594202898550725,0.8597000764750561,0.3159420289855073,"{'C': 11.013831688474836, 'degree': 2, 'gamma': 2.0464596786253284}",45,8,10
australian,poly,4,1.4614669997245073,0.007001640135422349,0.8594202898550725,0.8591352118076321,0.31111111111111117,"{'C': 18.952138540380794, 'degree': 2, 'gamma': 3.749930096242834}",46,8,10
australian,poly,5,1.208704899996519,0.0054383699782192705,0.8608695652173914,0.8609882696358369,0.3201288244766506,"{'C': 8.055876493788903, 'degree': 2, 'gamma': 3.6700680469463474}",47,8,10
australian,rbf,0,1.0312188998796046,0.008372760051861406,0.8420289855072465,0.8411585114533168,0.5243156199677939,"{'C': 3.90130999242047, 'gamma': 0.6371656669645575}",42,8,10
australian,rbf,1,1.012648900039494,0.007967130094766618,0.8652173913043478,0.8652587491314467,0.38663446054750406,"{'C': 6.361273725371123, 'gamma': 0.24227591946943294}",43,8,10
australian,rbf,2,1.0457979002967477,0.008392039965838195,0.8391304347826086,0.8390622787182919,0.44428341384863124,"{'C': 10.691860375019163, 'gamma': 0.46770693414988207}",44,8,10
australian,rbf,3,1.0177743998356164,0.0075261200778186325,0.8449275362318842,0.8450534160054269,0.5471819645732688,"{'C': 1.2140015006602403, 'gamma': 0.6663708483298129}",45,8,10
australian,rbf,4,1.032289800234139,0.008108559949323534,0.8478260869565217,0.8476846653020113,0.40450885668276976,"{'C': 12.698850583254085, 'gamma': 0.3539301323851334}",46,8,10
australian,rbf,5,1.0657689999789,0.007784830080345273,0.8478260869565217,0.8478825996619502,0.3542673107890499,"{'C': 6.40055479001776, 'gamma': 0.11129523917292246}",47,8,10
australian,custom_hermite,0,5.577073900029063,0.06062723998911679,0.8,0.7915371082150858,0.7492753623188405,"{'C': 15.028274178568475, 'degree': 5}",42,8,10
australian,custom_hermite,1,6.175593999680132,0.08142598997801542,0.773913043478261,0.7616301241806218,0.777938808373591,"{'C': 16.652589237237546, 'degree': 4}",43,8,10
australian,custom_hermite,2,5.439271799754351,0.05891810008324683,0.8057971014492754,0.7994878519830401,0.7481481481481481,"{'C': 24.013195103916477, 'degree': 3}",44,8,10
australian,custom_hermite,3,5.36276839999482,0.053078649938106535,0.8188405797101449,0.8137152887708933,0.719645732689211,"{'C': 24.725298825376527, 'degree': 4}",45,8,10
australian,custom_hermite,4,5.476128299720585,0.05487454002723098,0.7956521739130434,0.7873221406884097,0.7539452495974235,"{'C': 22.818144526090006, 'degree': 3}",46,8,10
australian,custom_hermite,5,5.606006700079888,0.05877578002400696,0.8144927536231883,0.8089883559141959,0.7254428341384862,"{'C': 17.690420851338768, 'degree': 5}",47,8,10
australian,custom_gegen,0,14.651455299928784,0.09233920997940004,0.8565217391304347,0.8562222057013618,0.32930756843800324,"{'C': 20.811233577369745, 'degree': 2, 'alpha': -0.12816831525786976}",42,8,10
australian,custom_gegen,1,14.270627900026739,0.09202551008202135,0.855072463768116,0.8551075315457611,0.3436392914653784,"{'C': 5.526503868113398, 'degree': 3, 'alpha': 0.1390319773262353}",43,8,10
australian,custom_gegen,2,15.264914700295776,0.08972051995806396,0.8550724637681159,0.8552683835062351,0.327536231884058,"{'C': 10.691860375019163, 'degree': 1, 'alpha': -0.05638125000041694}",44,8,10
australian,custom_gegen,3,13.634310999885201,0.0937117600813508,0.8565217391304347,0.8567304991623782,0.33285024154589377,"{'C': 24.725298825376527, 'degree': 4, 'alpha': 0.07008013089057508}",45,8,10
australian,custom_gegen,4,14.89990029996261,0.10809857002459466,0.8579710144927535,0.8577624119584607,0.33236714975845416,"{'C': 7.4983963426883635, 'degree': 1, 'alpha': 0.25070004483418906}",46,8,10
australian,custom_gegen,5,16.545783000066876,0.11970890001393855,0.782608695652174,0.7825449306211627,0.40096618357487923,"{'C': 3.1787371619055294, 'degree': 5, 'alpha': -0.47957646815918376}",47,8,10
australian,custom_alsalam,0,3.34507940011099,0.028756000055000185,0.8333333333333334,0.8326991536709395,0.5115942028985507,"{'C': 4.585929341825992, 'degree': 2, 'a': -1, 'q': 0.52}",42,8,10
australian,custom_alsalam,1,3.556377800181508,0.04470011009834707,0.7942028985507246,0.7938306799564316,0.4698872785829308,"{'C': 16.652589237237546, 'degree': 4, 'a': -1, 'q': 0.03}",43,8,10
australian,custom_alsalam,2,3.2870489000342786,0.029526589857414364,0.7884057971014492,0.7793291060303902,0.7247987117552335,"{'C': 9.013160405570884, 'degree': 3, 'a': -1, 'q': 0.61}",44,8,10
australian,custom_alsalam,3,3.1752889999188483,0.028316800110042097,0.8115942028985508,0.811431800207598,0.4798711755233495,"{'C': 2.812409934004069, 'degree': 2, 'a': -1, 'q': 0.48000000000000004}",45,8,10
australian,custom_alsalam,4,3.2766956998966634,0.03698847987689078,0.8028985507246377,0.802218102093228,0.3780998389694042,"{'C': 7.4983963426883635, 'degree': 1, 'a': -1, 'q': 0.37}",46,8,10
australian,custom_alsalam,5,3.1424978002905846,0.032332640048116444,0.7797101449275362,0.7795472883124793,0.48293075684380043,"{'C': 3.1787371619055294, 'degree': 5, 'a': -1, 'q': 0.01}",47,8,10
german,linear,0,3.404814400244504,0.018176949955523013,0.7710000000000001,0.7614702442629782,0.533,{'C': 1.4530322205928181},42,8,10
german,linear,1,3.5138257001526654,0.02472362997941673,0.7689999999999999,0.7574726788493301,0.5357777777777779,{'C': 3.3356407136855206},43,8,10
german,linear,2,3.892907400149852,0.04105622991919518,0.773,0.762452905630599,0.5867777777777777,{'C': 9.845094997655195},44,8,10
german,linear,3,3.3697882001288235,0.03646059003658593,0.773,0.7625253290772942,0.5557777777777778,{'C': 7.036901101574616},45,8,10
german,linear,4,3.8239851002581418,0.038105509942397475,0.764,0.7541211738359509,0.5584444444444444,{'C': 7.827610313856364},46,8,10
german,linear,5,3.8645902001298964,0.023071120027452707,0.762,0.7508528569470126,0.5333333333333333,{'C': 2.8380983088693443},47,8,10
german,poly,0,2.52316760038957,0.014169289963319898,0.771,0.7590685574335113,0.5404444444444445,"{'C': 4.585929341825992, 'degree': 2, 'gamma': 2.106451407284698}",42,8,10
german,poly,1,3.6750615001656115,0.011185269895941019,0.7700000000000001,0.7574096844938453,0.5426666666666666,"{'C': 6.361273725371123, 'degree': 1, 'gamma': 3.468678178582751}",43,8,10
german,poly,2,3.4084733999334276,0.011626749951392411,0.7579999999999999,0.7464377486254874,0.5386666666666666,"{'C': 10.691860375019163, 'degree': 1, 'gamma': 0.8838158075525571}",44,8,10
german,poly,3,3.2889382001012564,0.01076333997771144,0.764,0.751146153038873,0.5454444444444444,"{'C': 2.812409934004069, 'degree': 2, 'gamma': 1.9223568388864396}",45,8,10
german,poly,4,3.319958500098437,0.010884959949180484,0.765,0.7529404744805519,0.5392222222222223,"{'C': 8.092322006689862, 'degree': 1, 'gamma': 3.211524249181703}",46,8,10
german,poly,5,3.247809199616313,0.012664989940822125,0.759,0.7458806893112903,0.5497777777777777,"{'C': 2.469050145265414, 'degree': 2, 'gamma': 2.569034341275915}",47,8,10
german,rbf,0,2.3145232000388205,0.023168819956481457,0.7139999999999999,0.6688595800215257,0.9486666666666667,"{'C': 3.90130999242047, 'gamma': 0.6371656669645575}",42,8,10
german,rbf,1,2.1228328002616763,0.02046802998520434,0.7070000000000001,0.6954400389482439,0.7683333333333333,"{'C': 6.361273725371123, 'gamma': 0.24227591946943294}",43,8,10
german,rbf,2,2.200220299884677,0.02248121998272836,0.722,0.6885715881891814,0.8923333333333332,"{'C': 10.691860375019163, 'gamma': 0.46770693414988207}",44,8,10
german,rbf,3,2.1254139998927712,0.01884929002262652,0.72,0.6587235068186097,0.958,"{'C': 1.2140015006602403, 'gamma': 0.6663708483298129}",45,8,10
german,rbf,4,2.117492299992591,0.01993534998036921,0.711,0.6251762807552256,0.9924444444444445,"{'C': 21.677167808874145, 'gamma': 1.3052310290573594}",46,8,10
german,rbf,5,2.1160181001760066,0.020489689940586687,0.732,0.7241583737594832,0.6411111111111112,"{'C': 6.40055479001776, 'gamma': 0.11129523917292246}",47,8,10
german,custom_hermite,0,21.174346799962223,0.21949614002369344,0.7,0.5764705882352941,0.6006666666666666,"{'C': 9.364128431065215, 'degree': 6}",42,8,10
german,custom_hermite,1,20.35052189975977,0.21533643011935055,0.7,0.5764705882352941,0.5999999999999999,"{'C': 2.877249105178084, 'degree': 4}",43,8,10
german,custom_hermite,2,19.381718600168824,0.19758658003993332,0.7,0.5764705882352941,0.5999999999999999,"{'C': 20.87121887449257, 'degree': 1}",44,8,10
german,custom_hermite,3,19.29390859976411,0.203876080038026,0.7,0.5764705882352941,0.5999999999999999,"{'C': 24.725298825376527, 'degree': 4}",45,8,10
german,custom_hermite,4,19.483131899964064,0.20260660001076758,0.7,0.5764705882352941,0.5999999999999999,"{'C': 19.59602493779296, 'degree': 4}",46,8,10
german,custom_hermite,5,19.809898800216615,0.20941381994634867,0.7,0.5764705882352941,0.5999999999999999,"{'C': 2.8380983088693443, 'degree': 6}",47,8,10
german,custom_gegen,0,46.52320499997586,0.3166839400772005,0.7260000000000001,0.7209327001420093,0.6706666666666667,"{'C': 3.4882070224403936, 'degree': 2, 'alpha': 0.23906006815444647}",42,8,10
german,custom_gegen,1,47.25977779971436,0.34087527012452484,0.71,0.7083288518941926,0.5965555555555555,"{'C': 5.526503868113398, 'degree': 3, 'alpha': 0.1390319773262353}",43,8,10
german,custom_gegen,2,50.07567779999226,0.31287037003785373,0.7569999999999999,0.7405573196443269,0.5584444444444444,"{'C': 10.691860375019163, 'degree': 1, 'alpha': -0.05638125000041694}",44,8,10
german,custom_gegen,3,43.145748800132424,0.32230561003088953,0.7430000000000001,0.7345748631298094,0.5524444444444445,"{'C': 24.725298825376527, 'degree': 4, 'alpha': 0.07008013089057508}",45,8,10
german,custom_gegen,4,42.90763070015237,0.3150674700271338,0.708,0.6966234027647564,0.7734444444444445,"{'C': 11.375642969250542, 'degree': 4, 'alpha': -0.3210331699585467}",46,8,10
german,custom_gegen,5,48.95060950005427,0.30902662994340063,0.7020000000000001,0.678741843517266,0.8493333333333334,"{'C': 6.166987894984273, 'degree': 2, 'alpha': -0.4422174052507317}",47,8,10
german,custom_alsalam,0,9.689140100032091,0.10064396006055176,0.718,0.6645009476799832,0.9445555555555556,"{'C': 20.811233577369745, 'degree': 2, 'a': -1, 'q': 0.19}",42,8,10
german,custom_alsalam,1,9.74402829958126,0.1056190500035882,0.7150000000000001,0.6565412422422543,0.9716666666666669,"{'C': 5.526503868113398, 'degree': 3, 'a': -1, 'q': 0.32}",43,8,10
german,custom_alsalam,2,9.618761999998242,0.10123936999589205,0.718,0.6583797492382433,0.9655555555555555,"{'C': 9.845094997655195, 'degree': 3, 'a': -1, 'q': 0.51}",44,8,10
german,custom_alsalam,3,9.850553099997342,0.10046464004553854,0.71,0.6603925602587608,0.9451111111111112,"{'C': 11.013831688474836, 'degree': 2, 'a': -1, 'q': 0.51}",45,8,10
german,custom_alsalam,4,9.710879599675536,0.09960824982263147,0.711,0.6478412784829518,0.9681111111111111,"{'C': 11.375642969250542, 'degree': 4, 'a': -1, 'q': 0.09}",46,8,10
german,custom_alsalam,5,9.561263900250196,0.09859896996058523,0.705,0.6482731847196044,0.9633333333333335,"{'C': 3.1787371619055294, 'degree': 5, 'a': -1, 'q': 0.01}",47,8,10
heart,linear,0,0.49865429988130927,0.0042970000300556425,0.8333333333333334,0.831333855987698,0.3613168724279835,{'C': 14.966863446441717},42,8,10
heart,linear,1,0.5055863996967673,0.004847150016576052,0.8296296296296296,0.8273470057660874,0.36502057613168726,{'C': 21.478578136223994},43,8,10
heart,linear,2,0.524847500026226,0.004740379936993122,0.8407407407407407,0.8393695530600063,0.36460905349794237,{'C': 18.616267401506267},44,8,10
heart,linear,3,0.478591900318861,0.004124900000169874,0.837037037037037,0.8351987904779861,0.3666666666666667,{'C': 13.73906862639129},45,8,10
heart,linear,4,0.5048628998920321,0.003101209923624992,0.8481481481481481,0.8473708460786131,0.36460905349794237,{'C': 6.226828244802206},46,8,10
heart,linear,5,0.5165646001696587,0.0021325900219380856,0.8333333333333333,0.8321857529306108,0.36831275720164613,{'C': 2.8380983088693443},47,8,10
heart,poly,0,0.3535257000476122,0.0015023200307041407,0.837037037037037,0.8355940513744506,0.3720164609053498,"{'C': 14.966863446441717, 'degree': 1, 'gamma': 0.6371656669645575}",42,8,10
heart,poly,1,0.5018804003484547,0.0012818399351090192,0.825925925925926,0.8241837355851415,0.38847736625514406,"{'C': 6.361273725371123, 'degree': 1, 'gamma': 3.468678178582751}",43,8,10
heart,poly,2,0.418163999915123,0.0014610500074923038,0.8444444444444444,0.8433992809694073,0.3786008230452675,"{'C': 10.691860375019163, 'degree': 1, 'gamma': 0.8838158075525571}",44,8,10
heart,poly,3,0.41620790027081966,0.0010981699917465449,0.8407407407407407,0.8396056460489975,0.44897119341563785,"{'C': 1.2140015006602403, 'degree': 1, 'gamma': 0.4776161161246224}",45,8,10
heart,poly,4,0.4231089996173978,0.0014298499096184968,0.837037037037037,0.8364574497941645,0.3831275720164609,"{'C': 8.092322006689862, 'degree': 1, 'gamma': 3.211524249181703}",46,8,10
heart,poly,5,0.4220918999053538,0.0014004999306052924,0.8222222222222223,0.8215799566410997,0.4090534979423868,"{'C': 2.469050145265414, 'degree': 2, 'gamma': 2.569034341275915}",47,8,10
heart,rbf,0,0.35410960018634796,0.0018828699365258216,0.7666666666666667,0.7648134700548495,0.739917695473251,"{'C': 3.90130999242047, 'gamma': 0.6371656669645575}",42,8,10
heart,rbf,1,0.35560330003499985,0.0019328599330037833,0.8,0.796215800963653,0.5407407407407406,"{'C': 6.361273725371123, 'gamma': 0.24227591946943294}",43,8,10
heart,rbf,2,0.3507981998845935,0.002024429989978671,0.7925925925925925,0.791686322936323,0.634156378600823,"{'C': 20.87121887449257, 'gamma': 0.43317197834869975}",44,8,10
heart,rbf,3,0.3602669998072088,0.0020000998862087726,0.788888888888889,0.7876011066459505,0.5802469135802469,"{'C': 7.036901101574616, 'gamma': 0.3235756148467037}",45,8,10
heart,rbf,4,0.3520414000377059,0.0019665199797600508,0.8,0.798231501582027,0.5979423868312757,"{'C': 12.698850583254085, 'gamma': 0.3539301323851334}",46,8,10
heart,rbf,5,0.35687780007719994,0.0017665800638496875,0.7962962962962964,0.7951596633073759,0.45596707818930043,"{'C': 6.40055479001776, 'gamma': 0.11129523917292246}",47,8,10
heart,custom_hermite,0,0.6613241997547448,0.005062180012464524,0.7074074074074074,0.6703821182458953,0.8242798353909466,"{'C': 18.300116551343315, 'degree': 4}",42,8,10
heart,custom_hermite,1,0.6585424998775125,0.0055413500405848025,0.7037037037037037,0.6606247552377583,0.8374485596707819,"{'C': 16.652589237237546, 'degree': 4}",43,8,10
heart,custom_hermite,2,0.5955527001060545,0.0031197699252516033,0.7148148148148148,0.6833234167496294,0.8226337448559672,"{'C': 24.013195103916477, 'degree': 3}",44,8,10
heart,custom_hermite,3,0.6055831001140177,0.0052773899398744105,0.7111111111111111,0.6753386569072843,0.7897119341563785,"{'C': 24.725298825376527, 'degree': 4}",45,8,10
heart,custom_hermite,4,0.8154460000805557,0.006286170007660985,0.7074074074074075,0.6687212826944509,0.8222222222222222,"{'C': 19.59602493779296, 'degree': 4}",46,8,10
heart,custom_hermite,5,0.6286593996919692,0.005465799989178777,0.7074074074074074,0.6705765648593307,0.8156378600823047,"{'C': 17.690420851338768, 'degree': 5}",47,8,10
heart,custom_gegen,0,1.6406527999788523,0.005891730030998588,0.8148148148148149,0.812625419425818,0.4135802469135802,"{'C': 20.811233577369745, 'degree': 2, 'alpha': -0.12816831525786976}",42,8,10
heart,custom_gegen,1,1.6239232001826167,0.005497470032423735,0.8111111111111111,0.8079320347655461,0.4275720164609053,"{'C': 5.526503868113398, 'degree': 3, 'alpha': 0.1390319773262353}",43,8,10
heart,custom_gegen,2,1.6963478000834584,0.005062519945204258,0.8407407407407407,0.8395732021082652,0.431275720164609,"{'C': 10.691860375019163, 'degree': 1, 'alpha': -0.05638125000041694}",44,8,10
heart,custom_gegen,3,1.5045265997759998,0.008168409997597336,0.8518518518518517,0.8497362717476455,0.3983539094650206,"{'C': 24.725298825376527, 'degree': 4, 'alpha': 0.07008013089057508}",45,8,10
heart,custom_gegen,4,1.4435731996782124,0.007402369985356927,0.837037037037037,0.8332536833796617,0.8888888888888887,"{'C': 19.59602493779296, 'degree': 4, 'alpha': 0.00559575211634028}",46,8,10
heart,custom_gegen,5,1.898529500234872,0.005575069971382618,0.788888888888889,0.7884094216766631,0.6053497942386831,"{'C': 6.166987894984273, 'degree': 2, 'alpha': -0.4422174052507317}",47,8,10
heart,custom_alsalam,0,0.6018221997655928,0.002867309981957078,0.7851851851851852,0.7811665910724616,0.7176954732510288,"{'C': 4.585929341825992, 'degree': 2, 'a': -1, 'q': 0.52}",42,8,10
heart,custom_alsalam,1,0.5548447999171913,0.0030716499779373406,0.7962962962962962,0.7892084982586252,0.7769547325102881,"{'C': 5.526503868113398, 'degree': 3, 'a': -1, 'q': 0.32}",43,8,10
heart,custom_alsalam,2,0.5344058000482619,0.003003899985924363,0.7814814814814814,0.7797473378284752,0.7580246913580246,"{'C': 9.845094997655195, 'degree': 3, 'a': -1, 'q': 0.51}",44,8,10
heart,custom_alsalam,3,0.5678864996880293,0.0030487299896776675,0.8074074074074075,0.8049378000328995,0.7617283950617284,"{'C': 1.933161862413238, 'degree': 3, 'a': -1, 'q': 0.47000000000000003}",45,8,10
heart,custom_alsalam,4,0.5954033997841179,0.005005950061604381,0.7925925925925925,0.7903636979118465,0.7868312757201646,"{'C': 19.59602493779296, 'degree': 4, 'a': -1, 'q': 0.25}",46,8,10
heart,custom_alsalam,5,0.5659320000559092,0.0030443300027400257,0.7629629629629628,0.7606833622954314,0.7115226337448559,"{'C': 6.166987894984273, 'degree': 2, 'a': -1, 'q': 0.03}",47,8,10
fourclass,linear,0,1.028417100198567,0.00897047002799809,0.7690991713445603,0.7590363790644293,0.5270686730961092,{'C': 9.364128431065215},42,8,10
fourclass,linear,1,1.000819499604404,0.009767679963260889,0.770315423683507,0.7596450056785411,0.5262953109411375,{'C': 15.227054415447753},43,8,10
fourclass,linear,2,0.958916800096631,0.006388100003823638,0.7693130179096498,0.7593212950158553,0.5286127369471234,{'C': 2.6207978131423735},44,8,10
fourclass,linear,3,0.9016622002236545,0.005699549987912178,0.7667735899492113,0.7555918397577329,0.5311943797805122,{'C': 1.2140015006602403},45,8,10
fourclass,linear,4,1.100050600245595,0.011391440033912658,0.7645282010157711,0.7551717728934028,0.5264235118057865,{'C': 19.59602493779296},46,8,10
fourclass,linear,5,1.0943262996152043,0.006683889962732792,0.7691125367548785,0.7590033761470435,0.5282302959760559,{'C': 2.8380983088693443},47,8,10
fourclass,poly,0,1.4137487998232245,0.025372570008039476,0.9756348569901097,0.9757848869371815,0.3167061855670103,"{'C': 9.364128431065215, 'degree': 6, 'gamma': 2.9321633619048173}",42,8,10
fourclass,poly,1,2.025614600162953,0.02080383999273181,0.8758620689655172,0.8720119421080147,0.39778250748254074,"{'C': 1.9174908372111847, 'degree': 6, 'gamma': 3.3981169167959324}",43,8,10
fourclass,poly,2,1.988777999766171,0.027481069881469013,0.9918871959369152,0.9919285882917637,0.2530290987695377,"{'C': 17.75398968518351, 'degree': 6, 'gamma': 1.8349747309285782}",44,8,10
fourclass,poly,3,1.97200240008533,0.026851959992200136,0.9872226677358995,0.9873143651302716,0.26656434985034916,"{'C': 15.685164675927945, 'degree': 6, 'gamma': 2.6058768340207172}",45,8,10
fourclass,poly,4,1.8801118000410497,0.02381968996487558,0.8932771986099974,0.8917253423081147,0.3850211173927502,"{'C': 10.659318426847376, 'degree': 5, 'gamma': 3.4704024356367422}",46,8,10
fourclass,poly,5,1.659520400222391,0.021918470039963722,0.8920208500400962,0.8902144107562029,0.38721383438643164,"{'C': 2.8380983088693443, 'degree': 6, 'gamma': 2.91917705535597}",47,8,10
fourclass,rbf,0,1.156518000178039,0.009583669947460294,1.0,1.0,0.06367642168274026,"{'C': 9.364128431065215, 'gamma': 3.80362731460201}",42,8,10
fourclass,rbf,1,1.2349653001874685,0.010363470111042262,1.0,1.0,0.07579298303957432,"{'C': 8.179149256222683, 'gamma': 3.438750940498319}",43,8,10
fourclass,rbf,2,1.182477599941194,0.009939040057361126,1.0,1.0,0.09744745593614898,"{'C': 8.98341163436399, 'gamma': 2.443059172775448}",44,8,10
fourclass,rbf,3,1.1752070002257824,0.010079130064696074,1.0,1.0,0.06754356501496508,"{'C': 24.725298825376527, 'gamma': 2.205217271021953}",45,8,10
fourclass,rbf,4,1.1500145997852087,0.009132959879934788,1.0,1.0,0.09693298969072164,"{'C': 6.226828244802206, 'gamma': 3.0360835232141175}",46,8,10
fourclass,rbf,5,1.1605769996531308,0.008926990116015077,1.0,1.0,0.11446258729630862,"{'C': 2.8380983088693443, 'gamma': 3.898331079395257}",47,8,10
fourclass,custom_hermite,0,2.4510069000534713,0.023634810000658035,0.8120556001069232,0.7985174113713229,0.4641656135683405,"{'C': 9.364128431065215, 'degree': 6}",42,8,10
fourclass,custom_hermite,1,2.2639673999510705,0.021136310091242193,0.8085271317829458,0.7942124206151817,0.46751729298303957,"{'C': 8.179149256222683, 'degree': 6}",43,8,10
fourclass,custom_hermite,2,2.3195917000994086,0.020215420052409172,0.8075247260090885,0.7930681167808042,0.4885254406385101,"{'C': 8.98341163436399, 'degree': 4}",44,8,10
fourclass,custom_hermite,3,2.429097800049931,0.03085420993156731,0.8096899224806201,0.7951297319038493,0.4655856335217825,"{'C': 24.725298825376527, 'degree': 4}",45,8,10
fourclass,custom_hermite,4,2.7614952996373177,0.030226609949022532,0.8097834803528468,0.7961880567007478,0.47035167941469896,"{'C': 19.59602493779296, 'degree': 4}",46,8,10
fourclass,custom_hermite,5,2.5295810997486115,0.022962019965052604,0.808553862603582,0.7947744883665394,0.47074077153308946,"{'C': 17.690420851338768, 'degree': 5}",47,8,10
fourclass,custom_gegen,0,5.055430999957025,0.02355679008178413,0.7981555733761027,0.7807663113023942,0.4631343531759228,"{'C': 3.4882070224403936, 'degree': 2, 'alpha': 0.23906006815444647}",42,8,10
fourclass,custom_gegen,1,4.9682599999941885,0.02542164996266365,0.9628708901363272,0.9630723328978759,0.2953081143997339,"{'C': 16.652589237237546, 'degree': 4, 'alpha': -0.4322624893955228}",43,8,10
fourclass,custom_gegen,2,5.756023900117725,0.029314850037917495,0.9965517241379309,0.9965838463971967,0.03673578317259727,"{'C': 17.75398968518351, 'degree': 6, 'alpha': 0.41867600678848516}",44,8,10
fourclass,custom_gegen,3,4.7886554999277,0.027146750036627053,0.9222534081796312,0.9224773422054877,0.34673927502494184,"{'C': 1.933161862413238, 'degree': 3, 'alpha': 0.45088785981341584}",45,8,10
fourclass,custom_gegen,4,4.684680299833417,0.024910590052604674,0.9280940924886394,0.9279337785641344,0.3379740605254407,"{'C': 9.871403897553764, 'degree': 4, 'alpha': -0.4183827982365956}",46,8,10
fourclass,custom_gegen,5,5.415249699726701,0.02627768013626337,0.9500935578722268,0.9502270991222875,0.35782490854672433,"{'C': 3.1787371619055294, 'degree': 5, 'alpha': -0.47957646815918376}",47,8,10
fourclass,custom_alsalam,0,1.5192376002669334,0.011276019969955087,0.8631114675220528,0.8571206696424405,0.46081426671100767,"{'C': 1.4530322205928181, 'degree': 6, 'a': -1, 'q': 0.6}",42,8,10
fourclass,custom_alsalam,1,1.4530849000439048,0.014845880027860404,0.9918738305265972,0.9918757124579678,0.15029630861323579,"{'C': 16.652589237237546, 'degree': 4, 'a': -1, 'q': 0.03}",43,8,10
fourclass,custom_alsalam,2,1.4394839997403324,0.01255900990217924,0.9953622026196204,0.9953848460947035,0.16395976055869638,"{'C': 17.75398968518351, 'degree': 6, 'a': -1, 'q': 0.46}",44,8,10
fourclass,custom_alsalam,3,1.4468523999676108,0.01428265990689397,0.9953622026196204,0.9953782299171439,0.14153209178583306,"{'C': 24.725298825376527, 'degree': 4, 'a': -1, 'q': 0.28}",45,8,10
fourclass,custom_alsalam,4,1.434997399803251,0.01320122997276485,0.9941860465116278,0.994222676563537,0.151972564017293,"{'C': 19.59602493779296, 'degree': 4, 'a': -1, 'q': 0.25}",46,8,10
fourclass,custom_alsalam,5,1.3914402998052537,0.01264780005440116,0.9825982357658379,0.9827031395171961,0.25676637845028266,"{'C': 3.1787371619055294, 'degree': 5, 'a': -1, 'q': 0.01}",47,8,10
