dataset,kernel,n_runs,successful_runs,accuracy_mean,accuracy_std,accuracy_ci_lower,accuracy_ci_upper,accuracy_min,accuracy_max,f1_mean,f1_std,f1_ci_lower,f1_ci_upper,time_mean,time_std,normality_pvalue,best_params
haberman,LINEAR,35,35,73.13394777265744,0.2814111980824061,73.03935673108576,73.22853881422911,72.52688172043011,73.5268817204301,62.16928521323076,0.21742651024846613,62.09620141198246,62.24236901447905,0.10366828573335495,0.0018026227890802703,6.168029481758683e-05,{'C': 0.4018442226364577}
haberman,POLY,35,35,73.99354838709678,0.9187503514817221,73.68472786650912,74.30236890768444,71.91397849462366,76.12903225806453,69.33605397367508,1.2206790248238202,68.92574585100763,69.74636209634252,0.2518702857262854,0.011025055844492815,0.7696727224084129,"{'C': 32.32981473121798, 'degree': 4, 'coef0': 1.2957229961225007}"
haberman,RBF,35,35,73.33118279569891,0.7120140279636675,73.09185277266617,73.57051281873164,72.19354838709677,74.81720430107528,68.0162579441657,0.8338674545875836,67.73596920086179,68.29654668746961,0.1362358943027045,0.0035261421323580424,0.13334813498185516,"{'C': 34.875277210290555, 'gamma': 0.3774282839172879}"
haberman,HERMITE,35,35,73.14254992319508,0.7983281295529912,72.87420705054124,73.41089279584891,71.24731182795698,74.19354838709677,67.04788027166609,0.9891009465370235,66.71541273167475,67.38034781165743,0.1576355857109385,0.0027084645712259405,0.0030648262545571276,"{'C': 50.71328712468957, 'degree': 3}"
haberman,GEGEN,35,35,74.62457757296467,0.5358518617151474,74.44446112389245,74.80469402203688,73.48387096774194,75.46236559139786,70.11379722826618,0.7649216861254796,69.85668329852771,70.37091115800465,0.1678112714085728,0.002106697291501494,0.028599730907760832,"{'C': 41.96988929750201, 'degree': 6, 'alpha': 0.07028897795911673}"
haberman,AL-SALAM,35,35,74.68540706605222,0.6315792193430806,74.47311367972011,74.89770045238433,72.9247311827957,75.48387096774192,68.70161194368323,0.7549647353925768,68.4478448542522,68.95537903311427,0.5555512228514999,0.0037754001056417145,0.003907956355010111,"{'C': 13.747143358130145, 'degree': 2, 'a': -1, 'q': 0.7403945618361523}"
ionosphere,LINEAR,35,35,87.46281179138323,0.9507862147668836,87.14322302242294,87.78240056034352,85.46031746031746,89.15873015873017,87.07531694430104,0.9846140841297888,86.7443575780831,87.40627631051898,0.3340932143053838,0.04138208922429752,0.39462485394911084,{'C': 40.05107631210456}
ionosphere,POLY,35,35,92.05986394557821,0.6065259054937346,91.85599175594325,92.26373613521318,90.88888888888889,93.15079365079364,91.77931999517831,0.6503770701808717,91.56070806750111,91.99793192285551,0.138923157112939,0.0012894943857328883,0.08707704105871071,"{'C': 56.12080159288129, 'degree': 2, 'coef0': 0.22305666431865262}"
ionosphere,RBF,35,35,94.96009070294784,0.5221456626133625,94.78458133297504,95.13560007292064,94.0079365079365,96.29365079365077,94.90711118875771,0.5272581952634617,94.72988333781565,95.08433903969977,0.16043026571028998,0.0008085772989348101,0.13407243641638994,"{'C': 7.50353194089625, 'gamma': 0.27287201960349505}"
ionosphere,HERMITE,35,35,87.50362811791383,0.5693219636690927,87.3122613283189,87.69499490750877,86.3015873015873,89.16666666666669,87.6997369312606,0.5605088679863055,87.51133249677373,87.88814136574747,0.7008364571324949,0.005191078765338843,0.13081477036346628,"{'C': 35.679085283125474, 'degree': 6}"
ionosphere,GEGEN,35,35,93.83786848072562,0.5321005543536257,93.65901296253675,94.01672399891449,92.87301587301589,94.88095238095238,93.69765225719343,0.5642675007736807,93.50798442952012,93.88732008486673,1.0557910657221719,0.007474370324888817,0.0610813155892199,"{'C': 24.440515553656994, 'degree': 4, 'alpha': 0.34217453301302037}"
ionosphere,AL-SALAM,35,35,94.17936507936508,0.7604133172547308,93.92376655239019,94.43496360633998,92.30952380952381,95.44444444444444,94.18265984654445,0.7488149833462174,93.93095987972772,94.43435981336118,5.515646802853527,0.01543532646920078,0.3959026341928198,"{'C': 46.21355908852574, 'degree': 3, 'a': -1, 'q': 0.2782414092765099}"
breast,LINEAR,35,35,96.7198270612593,0.16541703829603843,96.66422525844283,96.77542886407576,96.48124467178174,97.075873827792,96.72466700448706,0.16411931939587276,96.66950140528746,96.77983260368666,0.16420846856864435,0.0047530493662382945,0.01583015955651342,{'C': 5.086624888553387}
breast,POLY,35,35,91.98221897454634,0.15300458164725422,91.93078938381977,92.03364856527291,91.5068201193521,92.24424552429667,91.66925507763628,0.16468817848466244,91.61389826723371,91.72461188803885,0.44983335713456785,0.0029835041983431827,0.0018978553966964265,"{'C': 0.25549585398321195, 'degree': 6, 'coef0': 0.3427852165575925}"
breast,RBF,35,35,96.32626963829011,0.14612930228235235,96.27715104243742,96.3753882341428,96.04219948849106,96.63256606990622,96.35992557234346,0.14691242204745233,96.31054374562163,96.40930739906528,0.263727737118357,0.003307817099954785,0.020572263404891027,"{'C': 26.820698341282622, 'gamma': 2.01706378702772}"
breast,HERMITE,35,35,96.46035805626597,0.2743961243347239,96.36812499880088,96.55259111373107,96.04859335038363,97.07161125319692,96.47788959954528,0.272382935893171,96.38633323722546,96.5694459618651,1.1037623228771345,0.0328256012520142,0.012637141161350516,"{'C': 8.741658117647876, 'degree': 5}"
breast,GEGEN,35,35,96.78279137742054,0.04383964920611586,96.76805551008903,96.79752724475205,96.62617220801361,96.92881500426257,96.78991216053176,0.04288359088597133,96.77549765408753,96.80432666697598,1.4977610143034585,0.011023275126614983,8.700408718232783e-10,"{'C': 0.4268126306042901, 'degree': 3, 'alpha': 0.06938969037691052}"
breast,AL-SALAM,35,35,94.47217147728657,0.374399023410346,94.34632434032426,94.59801861424887,93.70417732310314,95.31969309462914,94.47520374890738,0.37957636965790315,94.34761634511321,94.60279115270154,1.9824319457236146,0.007342443289719825,0.2804490202731539,"{'C': 10.875975250796337, 'degree': 4, 'a': -1, 'q': 0.6008076425875872}"
australian,LINEAR,35,35,85.50724637681158,1.2248216412605965e-14,85.50724637681158,85.50724637681158,85.50724637681158,85.5072463768116,85.52316722503723,0.008280362649830272,85.52038393804305,85.5259505120314,0.21251243430056743,0.003133034448948524,3.029108206313893e-09,{'C': 0.1935541792519157}
australian,POLY,35,35,85.72256728778467,0.48917397683221114,85.55814072518295,85.88699385038639,84.6376811594203,86.81159420289856,85.7175417102416,0.4901662245978451,85.55278162235629,85.88230179812692,0.49376362287439407,0.0026337655680203323,0.7894258719822926,"{'C': 7.7639476395414455, 'degree': 3, 'coef0': 1.2505361547873632}"
australian,RBF,35,35,85.527950310559,0.4545444803333372,85.37516379698609,85.68073682413193,84.4927536231884,86.52173913043478,85.52262415595287,0.4582998611165276,85.3685753422931,85.67667296961264,0.2969603171239474,0.002617378643226735,0.5596079717902374,"{'C': 24.863391747081046, 'gamma': 0.07654144435671244}"
australian,HERMITE,35,35,83.86335403726709,0.5713085360168016,83.67131949902246,84.05538857551171,82.46376811594203,85.5072463768116,83.85894241764709,0.5722214526695999,83.66660101976913,84.05128381552504,1.8693437371336457,0.017962075558399515,0.426063867249978,"{'C': 63.85482901594333, 'degree': 6}"
australian,GEGEN,35,35,84.92339544513459,0.5537518568415434,84.73726225190055,85.10952863836863,83.62318840579711,85.94202898550725,84.90900791319336,0.5524639783534999,84.72330761590814,85.09470821047859,2.833344048541039,0.021547583121486576,0.1914711174167042,"{'C': 54.584186433340456, 'degree': 1, 'alpha': -0.19823247497540233}"
australian,AL-SALAM,35,35,78.84472049689441,0.5305057304549744,78.66640104853761,79.02303994525121,77.53623188405797,79.56521739130436,78.78633688420028,0.5383524025981656,78.60537992569479,78.96729384270577,3.3019334057279464,0.0071936759230091865,0.0045493474043742516,"{'C': 24.33153457461233, 'degree': 5, 'a': -1, 'q': 0.5939988674997918}"
german,LINEAR,35,35,76.66285714285713,0.43166502508027044,76.51776112460824,76.80795316110603,75.8,77.60000000000001,75.61777749584499,0.4613419338794471,75.4627061470724,75.77284884461758,3.372800845706037,0.20242774506340513,0.42755600836824065,{'C': 49.47928650504272}
german,POLY,35,35,76.68571428571428,0.40152769493014895,76.55074835990135,76.82068021152722,75.9,77.4,75.61346616180137,0.43425007178463104,75.46750122908871,75.75943109451403,0.39780816859565676,0.0042531921790514805,0.4203175720198976,"{'C': 32.39993044971009, 'degree': 1, 'coef0': 2.948656714725151}"
german,RBF,35,35,76.62285714285714,0.4263370325295736,76.4795520283402,76.76616225737409,75.3,77.60000000000001,75.38867554844803,0.47218136225327173,75.22996073123173,75.54739036566434,0.5124845199952168,0.004032054114596378,0.2195637346745834,"{'C': 9.13805464814147, 'gamma': 0.021699329627676893}"
german,HERMITE,35,35,70.20857142857142,0.2862281094027021,70.11236127353854,70.3047815836043,69.39999999999999,70.7,60.02723631310156,0.425252054523038,59.88429589338148,60.170176732821645,6.161811460009111,0.03936942112406613,0.03110782917873837,"{'C': 48.7903459598075, 'degree': 2}"
german,GEGEN,35,35,76.04857142857142,0.5067382691976081,75.87824096192952,76.21890189521332,75.0,76.9,74.38286474533476,0.5267055461515231,74.20582265691912,74.55990683375039,9.350014854269102,0.03248836800755486,0.28679810579315185,"{'C': 10.328092337528568, 'degree': 1, 'alpha': 0.04833318476200517}"
german,AL-SALAM,35,35,70.69428571428571,0.45036039989759125,70.54290560006412,70.84566582850731,69.4,71.49999999999999,65.58085858495906,0.5924933089597225,65.38170318673521,65.78001398318291,7.285530985732164,0.02073070202868302,0.5182713443932347,"{'C': 44.77799197022102, 'degree': 5, 'a': -1, 'q': 0.13269541097938153}"
heart,LINEAR,35,35,83.3862433862434,0.5248506568312055,83.20982478372315,83.56266198876364,81.85185185185185,84.44444444444444,83.23468266746715,0.5399116919494016,83.05320158339435,83.41616375153995,0.2928385771212301,0.031175596754887024,0.04839381399924985,{'C': 44.23037460820034}
heart,POLY,35,35,83.4920634920635,0.5406154401881369,83.31034585635607,83.67378112777092,82.22222222222221,84.81481481481481,83.34444473980426,0.5608985460948138,83.1559093224055,83.53298015720301,0.12337980001632656,0.0016599388831259195,0.06865637987561393,"{'C': 33.316650840173665, 'degree': 1, 'coef0': 2.8211050488443092}"
heart,RBF,35,35,81.36507936507937,1.3361857454107582,80.91594584710677,81.81421288305197,78.14814814814814,84.44444444444444,81.20162669728073,1.345763892754878,80.74927366658162,81.65397972797984,0.13344066571444274,0.0012757702086316374,0.6343810873934241,"{'C': 55.3226520400464, 'gamma': 0.018972951198726273}"
heart,HERMITE,35,35,78.28571428571428,0.9782495025540355,77.95689425298599,78.61453431844257,75.55555555555557,80.0,78.18180712302319,0.9968375459675279,77.84673907173969,78.51687517430669,0.27241050285021107,0.0027276084187243892,0.010172639434896201,"{'C': 63.763312962995464, 'degree': 6}"
heart,GEGEN,35,35,83.01587301587301,0.581529382604619,82.82040293373008,83.21134309801594,81.85185185185185,84.07407407407408,82.74415475936871,0.618991904269629,82.53609236047242,82.952217158265,0.3087519285734743,0.009229182085731315,0.05076979433533731,"{'C': 12.768356347494443, 'degree': 4, 'alpha': 0.039422534438173305}"
heart,AL-SALAM,35,35,74.83597883597884,1.525645572290791,74.32316198741138,75.34879568454629,71.4814814814815,78.8888888888889,74.41567204179036,1.577687399098292,73.88536231931967,74.94598176426105,2.340540325701503,0.006029799105129455,0.830106226885507,"{'C': 41.35865360241686, 'degree': 6, 'a': -1, 'q': 0.5883743850112647}"
fourclass,LINEAR,35,35,76.78493145453852,0.1774469716961715,76.72528601757348,76.84457689150356,76.44079123229083,77.13980219192729,75.74090599427784,0.19281948498894727,75.67609337827427,75.8057186102814,0.2944727171412004,0.00465533962978398,0.22585637850125556,{'C': 31.773630148852703}
fourclass,POLY,35,35,99.73150800015274,0.060722241102195686,99.71109736947578,99.7519186308297,99.53622026196204,99.76877840149695,99.73253470562317,0.06037050862124374,99.71224230315444,99.75282710809189,4.616839177121541,0.5420572232335478,2.3433930609220166e-08,"{'C': 44.79814435682701, 'degree': 6, 'coef0': 3.8443234077775363}"
fourclass,RBF,35,35,99.92053308893725,0.05380170499736435,99.90244866532969,99.93861751254481,99.88372093023254,100.0,99.92080912522694,0.05361479742521022,99.90278752705791,99.93883072339597,0.356964222847351,0.0040269502703037,1.0984329865610587e-08,"{'C': 39.646180637801784, 'gamma': 1.757316551623414}"
fourclass,HERMITE,35,35,94.08966280979114,0.35900138576304236,93.96899129694303,94.21033432263924,93.15156375300721,94.78080727078321,94.09224166648828,0.3673443065680311,93.96876583890759,94.21571749406897,0.7476262057133551,0.01558145742573413,0.6209711093546475,"{'C': 63.20153190855601, 'degree': 6}"
fourclass,GEGEN,35,35,99.98006644518271,0.043823607834799855,99.9653359698542,99.99479692051123,99.88372093023254,100.0,99.98013434875972,0.043674323318337684,99.9654540525925,99.99481464492693,0.807704382875402,0.009622734881651343,3.089621717906702e-10,"{'C': 37.52979074048685, 'degree': 6, 'alpha': 0.40412340604772884}"
fourclass,AL-SALAM,35,35,99.60228357582005,0.11188796879711407,99.56467455535471,99.63989259628539,99.41860465116278,99.88505747126437,99.6040416881501,0.11128070601777713,99.56663678756057,99.64144658873964,0.9536227200313339,0.007176176504496569,0.0011803073376513698,"{'C': 37.47354711258659, 'degree': 6, 'a': -1, 'q': 0.36452992003527995}"
