dataset,kernel,cka_median,cka_iqr,cka_p_median,cka_p_iqr,hsic_median,hsic_iqr,hsic_p_median,hsic_p_iqr,effective_rank_median,effective_rank_iqr,top1_ratio_median,top1_ratio_iqr,cum_top3_median,cum_top3_iqr,cum_top5_median,cum_top5_iqr,kpca_top1_median,kpca_top1_iqr,kpca_cum_top5_median,kpca_cum_top5_iqr,knn_overlap_5_median,knn_overlap_5_iqr,knn_overlap_10_median,knn_overlap_10_iqr,fisher_ratio_rkhs_median,fisher_ratio_rkhs_iqr,svm_mean_margin_median,svm_mean_margin_iqr,svm_std_margin_median,svm_std_margin_iqr,svm_sv_prop_median,svm_sv_prop_iqr,svm_n_sv_median,svm_n_sv_iqr,dof_trace_median,dof_trace_iqr
SPECTF,custom_alsalam,0.01186999734534479,0.11338192258722177,0.7178217821782178,0.9653465346534653,0.0005539489646975663,9676.532377696723,0.7227722772277227,0.9653465346534653,9.982448012888499,56.48877011858036,0.23507235502658297,0.5542178560496013,0.48189994434613714,0.6379859824964449,0.5941684170765117,0.655973489718938,0.23507235502658297,0.5542178560496013,0.5941684170765117,0.655973489718938,0.2902255639097744,0.15138031646279887,0.3161654135338346,0.15001683312759512,0.722713391101304,0.41657954332713665,1.0000082992104775,0.024979286486155772,0.07063670032243845,0.823981139902858,0.4495567276399955,0.4026484120749636,60.0,53.75,127.56979189614641,121.41389620766309
SPECTF,custom_gegen,0.14283969107413474,0.11323606426073135,0.009900990099009901,0.22277227722772275,0.026391903703666286,25.908197436813296,0.009900990099009901,0.21534653465346532,16.05019425752549,9.195343908112653,0.20366007960018206,0.04706790580021941,0.3452181059876269,0.1695065378049725,0.42600856904948337,0.17163843325920064,0.20366007960018206,0.04706790580021941,0.42600856904948337,0.17163843325920064,0.2844013017618674,0.41564078105712055,0.32611940298507464,0.42645326001571093,0.9684605476350897,0.33183197460365577,1.002449893787375,0.2000501993748982,0.7466323350902915,0.9310005576752793,0.4831388171922343,0.09927336999214453,64.5,13.0,119.76900672640184,32.79302884071326
SPECTF,custom_hermite,0.027534040360466132,0.010309302771297279,0.21782178217821782,0.13613861386138612,1.3166622403724944e-05,3.288988915148654e-05,0.19801980198019803,0.17079207920792075,7.430249002276552,2.666411491911873,0.2772004287745854,0.07997414238070633,0.5505382593468442,0.10297408081316861,0.6854160705862737,0.06713706637039785,0.2772004287745854,0.07997414238070633,0.6854160705862737,0.06713706637039785,0.42471664235214907,0.014047244978117046,0.4490320951632813,0.028205308046235056,0.6762115445942987,0.004676517473817032,1.0001044855719754,0.00015894961506712768,7.395037669382313e-05,6.658824344564132e-05,0.417910447761194,0.01001571091908876,56.0,1.75,35.83607877550574,23.906997670464477
SPECTF,linear,0.1202505024420957,0.01860053958324416,0.009900990099009901,0.0,0.07019111081248665,0.015158191541975119,0.009900990099009901,0.0,5.962390359427799,0.37500247207789794,0.36150231658645576,0.026012356285990523,0.5842671324707327,0.025777676246395376,0.6855372715192949,0.02751638071709195,0.36150231658645576,0.026012356285990523,0.6855372715192949,0.02751638071709195,1.0,0.0,1.0,0.0,0.8778213317095916,0.007965305000977918,1.1252964477279201,0.7430040407803762,0.3018423415453674,1.6607530541205897,0.46815733363258893,0.024267758949612805,62.5,3.25,43.96957270241825,0.00524212100296495
SPECTF,poly,0.14396415432259851,0.032359958735123956,0.009900990099009901,0.0,0.012961334124600722,0.015633027561690813,0.009900990099009901,0.0,7.427728950600269,0.8988851410815801,0.3313855609105749,0.024867306835402003,0.5012351422023745,0.03523248784340527,0.5906996507997562,0.028673057186714423,0.3313855609105749,0.024867306835402003,0.5906996507997562,0.028673057186714423,0.8593984962406014,0.08334923128717309,0.8672932330827068,0.08372797665806309,0.9227848790892312,0.036688665032117984,1.0161752620156603,0.5124290011004842,0.06435137741875921,1.099637148812486,0.46066659185276626,0.042910447761194015,61.5,5.5,125.58160352511266,10.206493563016409
SPECTF,rbf,0.1622758063896855,0.023565623650514567,0.009900990099009901,0.0,0.006212062887198224,0.001628394699245893,0.009900990099009901,0.0,54.07959347148149,63.204564610809506,0.08079535530507403,0.0729633916472131,0.16783471924544213,0.12716664993972016,0.22463934132879693,0.16337082822355567,0.08079535530507403,0.0729633916472131,0.22463934132879693,0.16337082822355567,1.0,0.0,1.0,0.0,0.9667617028347177,0.03997175600219294,1.0387570666376331,0.1490205744030788,0.7979104169874685,0.6524577839654254,0.7002019975311413,0.4175457299966334,93.5,56.25,132.85839484634567,0.6594640222607495
australian,custom_alsalam,0.1701774922378747,0.00807238593166043,0.009900990099009901,0.0,13.712735754797091,60.4490156813257,0.009900990099009901,0.0,75.87611215457213,6.252523643458716,0.05364218545426398,0.0062765748457021125,0.13026844515872193,0.004846004574573015,0.1860352398877612,0.007350215649812697,0.05364218545426398,0.0062765748457021125,0.1860352398877612,0.007350215649812697,0.8695652173913044,0.02086956521739136,0.8417391304347827,0.038188405797101366,1.0178274573937909,0.008672492005488808,1.1332638533737271,0.1732629406465127,1.165024596113731,0.22433868288622527,0.6,0.06376811594202891,207.0,22.0,344.9453749081955,0.6180522903912333
australian,custom_gegen,0.3046009570142994,0.2538012779753005,0.009900990099009901,0.0,1.1295330847084255,1740.0232604514083,0.009900990099009901,0.0,24.33837174494994,18.07360568292294,0.128995126650219,0.04540645911083166,0.2937973703821236,0.11433883844814674,0.37835287693307573,0.14968779701837603,0.128995126650219,0.04540645911083166,0.37835287693307573,0.14968779701837603,0.8028985507246376,0.44101449275362314,0.8049275362318842,0.4831884057971015,1.0527999699352861,0.09387370327352218,1.1138733045987057,0.20970620980152832,1.1529588261042378,0.2571891911350217,0.4536231884057971,0.18695652173913047,156.5,64.5,343.43251450880655,21.474928070843077
australian,custom_hermite,0.30759810126338916,0.019898296310662422,0.009900990099009901,0.0,9.947711567398935e-05,8.77361678267227e-05,0.009900990099009901,0.0,14.389114537253473,5.332383433819567,0.18339465024349938,0.03473105362043721,0.3943876490732726,0.08217128498043624,0.5001350579235688,0.09502499400485087,0.18339465024349938,0.03473105362043721,0.5001350579235688,0.09502499400485087,0.6808695652173913,0.014202898550724652,0.671304347826087,0.04094202898550725,1.1304260321132351,0.0230762951717447,0.9564677659415122,0.13164370844191442,0.9396076917623126,0.8450004511649639,0.6681159420289855,0.30869565217391304,230.5,106.5,84.58232987218818,59.69265913340915
australian,linear,0.3796034604605816,0.015870677395061095,0.009900990099009901,0.0,0.40598840086501786,0.018888614621241695,0.009900990099009901,0.0,5.505902403812412,0.05362549708622222,0.3018254950461901,0.0038608870040567345,0.6717930210015403,0.008756672403364196,0.8522903181820325,0.004371310185641297,0.3018254950461901,0.0038608870040567345,0.8522903181820325,0.004371310185641297,1.0,0.0,1.0,0.0,1.1978111051411473,0.011472060240176107,1.0938152727012798,0.33650242448221257,1.1152183071420987,0.5181233024284753,0.32608695652173914,0.07246376811594202,112.5,25.0,13.999316209768665,0.0002125807577613159
australian,poly,0.3620998455765834,0.020433222061377876,0.009900990099009901,0.0,0.25952042806987097,0.30091341961172596,0.009900990099009901,0.0,9.997170405020519,4.096798775819816,0.22034300712083096,0.06074749365724397,0.4830276501066916,0.12995076480449264,0.6192883001527314,0.15663278392798963,0.22034300712083096,0.06074749365724397,0.6192883001527314,0.15663278392798963,0.951304347826087,0.03130434782608693,0.9478260869565218,0.03565217391304332,1.1285683377924032,0.044236416122192646,1.022126196829124,0.11539947020458685,1.024547813228845,0.1655747947677062,0.42898550724637685,0.2115942028985507,148.0,73.0,275.21122641452655,162.22858691348654
australian,rbf,0.3431006166189733,0.1283820720622662,0.009900990099009901,0.0,0.014849967356772414,0.01449984325317933,0.009900990099009901,0.0,16.647397990225105,34.92825396131214,0.16207452638771258,0.1849469328220386,0.36408943642006475,0.3925518448492224,0.47821763692486535,0.4660072981900462,0.16207452638771258,0.1849469328220386,0.47821763692486535,0.4660072981900462,1.0,0.0,1.0,0.0,1.099597517947583,0.12696804863771738,1.0097296517648857,0.11989482094867776,1.024131601328517,0.12373496459693467,0.5043478260869565,0.16956521739130426,174.0,58.5,289.0772539177799,181.09716655628512
blood,custom_alsalam,0.04042364877944407,0.024362110355968934,0.009900990099009901,0.022277227722772276,0.008485984020273132,0.03059461420548205,0.009900990099009901,0.007425742574257427,3.744154060893269,1.4925791692091708,0.45779355015010703,0.17599029643231767,0.7687369528590831,0.11875447953085938,0.8762297080639516,0.08711135614070353,0.45779355015010703,0.17599029643231767,0.8762297080639516,0.08711135614070353,0.7240641711229946,0.028475935828877086,0.7967914438502675,0.04906417112299466,1.0379167997964431,0.034626402140920165,0.9811302031926932,0.050191105141859094,0.38364796448140026,0.35497302358759775,0.4852941176470588,0.017379679144384985,181.5,6.5,48.146684418738445,37.878504495358115
blood,custom_gegen,0.03809122537004059,0.01739711999943329,0.009900990099009901,0.0,0.0035305235772433363,0.008296966321800771,0.009900990099009901,0.0,2.579989932004574,1.2511352799264217,0.5884893566634286,0.1532157187322472,0.8253541410309435,0.10924175063707087,0.9192333432622966,0.1013794492426684,0.5884893566634286,0.1532157187322472,0.9192333432622966,0.1013794492426684,0.646524064171123,0.15106951871657748,0.6986631016042781,0.15628342245989302,1.0099279523461946,0.05517622519164944,0.9778076496771099,0.04694307811485743,0.40628338434629685,0.3438953722907644,0.49732620320855614,0.011363636363636298,186.0,4.25,47.167364823659106,33.780640334837976
blood,custom_hermite,0.026066664788043627,0.003593337718163083,0.009900990099009901,0.0,0.00031315333313895906,6.899239413813048e-05,0.009900990099009901,0.009900990099009901,2.500527154714816,0.27515283566487314,0.5861462400022437,0.042049881062505734,0.9034114804541739,0.027603337075005174,0.9734898721866575,0.015423937124058873,0.5861462400022437,0.042049881062505734,0.9734898721866575,0.015423937124058873,0.6820855614973262,0.03275401069518702,0.7403743315508021,0.034224598930481354,1.0420089052193313,0.04023201614627303,0.9949020322935852,0.018458154000307925,0.22717947433081356,0.28550621638266993,0.4839572192513369,0.01470588235294118,181.0,5.5,18.61275417524598,4.70936076739817
blood,linear,0.030607856620257966,0.004201356561352797,0.009900990099009901,0.0,0.0037376583982064544,0.0004999768799436063,0.009900990099009901,0.0,1.6508608971106484,0.0668195742298967,0.7557428629826316,0.020020148890438905,0.9999999999999978,7.771561172376096e-16,0.9999999999999997,1.1102230246251565e-16,0.7557428629826316,0.020020148890438905,0.9999999999999997,1.1102230246251565e-16,0.9911764705882353,0.008288770053475947,0.9925133689839571,0.002941176470588336,1.0520461343564023,0.07854377307521898,1.0001686108553083,0.05325537437251304,0.0009415012793736483,0.3120741416786362,0.48128342245989303,0.006684491978609597,180.0,2.5,2.999947207088013,3.9752020910555075e-06
blood,poly,0.02167127089539218,0.011874144227862149,0.01485148514851485,0.017326732673267328,0.009016477121066867,0.01374241213362555,0.01485148514851485,0.009900990099009901,1.8099257114976257,0.0966165102559371,0.7255953863954163,0.014248883651623911,0.9121505607696975,0.04133192723307533,0.9771319887673914,0.020463765881713503,0.7255953863954163,0.014248883651623911,0.9771319887673914,0.020463765881713503,0.776470588235294,0.03983957219251333,0.8378342245989305,0.0582887700534761,1.0216660209762631,0.042953102004241295,0.9865508468813099,0.030962871290892258,0.3200344195430088,0.2750774674083902,0.4919786096256684,0.022058823529411686,184.0,8.25,24.702445082807564,18.331724560692376
blood,rbf,0.03542533218971913,0.007084456685186494,0.009900990099009901,0.0,0.0021534896381562984,0.0018211050565017206,0.009900990099009901,0.0,3.018183342891586,2.00534052561476,0.5365257702183429,0.2032022317229546,0.8143149209309473,0.15371246493025892,0.916836300478396,0.13270199786043202,0.5365257702183429,0.2032022317229546,0.916836300478396,0.13270199786043202,0.9887700534759358,0.007352941176470451,0.9934491978609625,0.0024732620320856435,1.0218470920161788,0.02762788475792677,0.9607787714456273,0.04248691586933806,0.3419306922464439,0.1591738527263548,0.5,0.03008021390374327,187.0,11.25,35.20689470161854,32.73885746222243
breast,custom_alsalam,0.6946554724501824,0.027524858115875572,0.009900990099009901,0.0,11.600724281278396,18.827169069536637,0.009900990099009901,0.0,14.21817553659247,5.855533220907553,0.22966117741945616,0.05113307282094254,0.3766789953663199,0.07669251978285269,0.43014805629727526,0.0758000513655101,0.22966117741945616,0.05113307282094254,0.43014805629727526,0.0758000513655101,0.6195906432748538,0.021419200493903334,0.6559234106772307,0.017984171082643163,1.3897125189163795,0.05984229740848335,1.2280927388062732,0.2550350703766695,1.1492276420053955,0.19403839348321883,0.3187134502923976,0.04618768328445744,109.0,15.75,236.4627516253559,16.319433985448285
breast,custom_gegen,0.7851022326422562,0.2563591081480695,0.009900990099009901,0.0,1.7845043754907275,3.7676367191710134,0.009900990099009901,0.0,4.661287028937565,2.1258816390874706,0.44835482896161627,0.13396289374602,0.5819988808481917,0.039660836982242764,0.6444809747969864,0.053370207034133754,0.44835482896161627,0.13396289374602,0.6444809747969864,0.053370207034133754,0.5390749601275917,0.1873055684176227,0.6106780881823326,0.20720854555744195,1.678518909747883,0.539580339596526,1.6816244043123492,0.18027045524615581,1.6034595756628462,0.15779517422068645,0.1449640719589786,0.12118854075560359,49.5,41.5,228.1904831839539,31.578049071112503
breast,custom_hermite,0.43957634172473353,0.09450709139898184,0.009900990099009901,0.0,0.002654705476563086,0.0006276520938783684,0.009900990099009901,0.0,5.282828511977964,1.7437622500803283,0.4007769320951489,0.09629861020875913,0.586708975677644,0.07500020401746954,0.6965845722779512,0.071525088207121,0.4007769320951489,0.09629861020875913,0.6965845722779512,0.071525088207121,0.49311364922570355,0.02439419663528314,0.5187477491382415,0.014616238788564773,2.1979629511388534,0.3098599887420921,1.3304748685611871,0.2649992670967727,1.4924686481046328,0.3481256298793547,0.24450360995352505,0.13892318773473278,83.5,47.25,106.99281495819474,35.43704005743383
breast,linear,0.8167000440649493,0.020117943762723467,0.009900990099009901,0.0,0.9191177829253836,0.004887373216617585,0.009900990099009901,0.0,2.0238118272131427,0.05202838203673954,0.6919804598496738,0.00981215246490763,0.8262493958100356,0.00832133590908557,0.9099838638742073,0.0024368373098765383,0.6919804598496738,0.00981215246490763,0.9099838638742073,0.0024368373098765383,0.8032163742690058,0.031922793298005514,0.8427530826087702,0.024711246591552105,2.8656719349886117,0.1266926814637257,1.8891236180655488,0.658139725596047,2.0381657978833836,0.7065438480985793,0.0995566874174684,0.053504055838521025,34.0,18.25,8.99977666701092,8.530944931806062e-06
breast,poly,0.8373538543117542,0.042918152287414135,0.009900990099009901,0.0,1.6943728568625058,2.229860634250584,0.009900990099009901,0.0,2.664078234018464,0.1331401209551175,0.6045841739604598,0.014695313865612292,0.7160253302943624,0.024032629381399495,0.7698726231474515,0.03818716562863411,0.6045841739604598,0.014695313865612292,0.7698726231474515,0.03818716562863411,0.6948911869115604,0.0733918128654969,0.7219645521428204,0.048617327776920405,2.1710841158840872,0.4066271786025806,1.4416987631618121,0.6509295454593864,1.3532329368207998,0.6750233431044657,0.1537317144278095,0.1121122086741781,52.5,38.25,183.90874985420328,56.242966081972355
breast,rbf,0.8394958433912318,0.02148413802753657,0.009900990099009901,0.0,0.05820491612550159,0.016055918596638456,0.009900990099009901,0.0,2.7166567026374073,0.43270540740397356,0.5934391221275187,0.05037818337193278,0.7354353692928094,0.04142831868979879,0.8160436230996384,0.04204035324967792,0.5934391221275187,0.05037818337193278,0.8160436230996384,0.04204035324967792,0.8052700176639056,0.01886908130541398,0.8430519113031847,0.019381205947419766,2.5411527364468514,0.21859467080812056,1.717750154042697,0.4826038268547679,1.7504715829050763,0.4011219079422512,0.12426900584795321,0.044689252456654824,42.5,15.25,106.88728438825557,28.138290845736037
cervical,custom_alsalam,0.15194618080727454,0.10000510609305219,0.36633663366336633,0.29455445544554454,42.835731488582354,376.7524473553447,0.3069306930693069,0.19554455445544555,20.511249159122208,21.612366286761958,0.12906624180483844,0.2482180452895585,0.2802069610311405,0.46378426727453104,0.38170558392053106,0.49242392364613585,0.12906624180483844,0.2482180452895585,0.38170558392053106,0.49242392364613585,0.29722222222222217,0.08333333333333337,0.41666666666666674,0.10972222222222228,0.9900240825437141,0.04638781340768239,1.0000011219154965,0.031875850188561095,0.9085426324836297,0.6975220788946032,0.9444444444444444,0.29861111111111116,34.0,10.75,35.999864576237066,0.011822379370912017
cervical,custom_gegen,0.2105755004133833,0.0811535476887279,0.01485148514851485,0.027227722772277224,0.4376556390107362,2.0537958268733028,0.009900990099009901,0.04950495049504951,10.619615631067756,4.201028840392059,0.20944138056457218,0.06249381536777085,0.45780981231272155,0.09554813659063077,0.568251582995812,0.09816665224344667,0.20944138056457218,0.06249381536777085,0.568251582995812,0.09816665224344667,0.5472222222222223,0.17638888888888898,0.6166666666666667,0.19305555555555554,1.0037514214328564,0.05333067082686882,1.1771318271682008,0.24471461642707326,1.0567964052922805,0.2695707284900706,0.6111111111111112,0.1527777777777778,22.0,5.5,35.99419480980819,0.06226857618032966
cervical,custom_hermite,0.038614272513202985,0.05772816563605906,0.39603960396039606,0.4207920792079208,3.641471470218446e-05,1.9234417177443238e-05,0.3613861386138614,0.48267326732673266,2.34670921044379,2.562246396786933,0.6144091730263459,0.2217655145093973,0.871958637840887,0.22469167902812182,0.9250130563690617,0.14000288637915603,0.6144091730263459,0.2217655145093973,0.9250130563690617,0.14000288637915603,0.4166666666666667,0.018055555555555547,0.4111111111111111,0.040277777777777746,1.0020385181170042,0.1328843129472257,0.9974164598265729,0.019211896245051818,0.006161296535760946,0.07381457140471032,0.6388888888888888,0.11111111111111105,23.0,4.0,10.51458315156708,2.4788136963536758
cervical,linear,0.34861524822863954,0.08043590513891791,0.009900990099009901,0.0,0.5682633630155309,0.16911997742341106,0.009900990099009901,0.0,4.928137926509885,0.745610319481866,0.3356360767706217,0.03063175873653262,0.696639909009017,0.04628386638945292,0.802395612494432,0.037758284284923116,0.3356360767706217,0.03063175873653262,0.802395612494432,0.037758284284923116,1.0,0.0,1.0,0.0,1.1637183494112544,0.048268393968786016,2.0430719131556128,0.5597146429628133,2.0121134903688827,0.70966578822825,0.3333333333333333,0.09722222222222221,12.0,3.5,18.99242459063133,0.0017408933086144884
cervical,poly,0.3185454274033243,0.1206325697299983,0.009900990099009901,0.0,0.08253702301475964,0.3246926022333746,0.009900990099009901,0.0,6.32261232056867,3.644362096041343,0.28825653209917246,0.09261456766570372,0.6062413120050035,0.13774895427587874,0.7169724462082455,0.1598591718854696,0.28825653209917246,0.09261456766570372,0.7169724462082455,0.1598591718854696,0.9333333333333332,0.2305555555555555,0.9319444444444444,0.1840277777777778,1.1315257921046948,0.08321170420099366,1.5721977796834752,0.5326961758223607,1.5002916317362716,0.5547415150808506,0.4305555555555556,0.18055555555555558,15.5,6.5,35.66363607680988,12.210801557300545
cervical,rbf,0.3333644981148538,0.12068047261037773,0.009900990099009901,0.0,0.023270371462366334,0.011322525647380299,0.009900990099009901,0.0,10.134603922948486,8.167345955948118,0.204058383236205,0.10258320904641632,0.467414152539066,0.16544271393265508,0.5755821159689063,0.18190961077551987,0.204058383236205,0.10258320904641632,0.5755821159689063,0.18190961077551987,1.0,0.0,1.0,0.0,1.1066931654938892,0.06275034043233951,1.1472089836715837,0.24379842164602206,1.0312130792859637,0.18319151554562263,0.5833333333333334,0.3125000000000001,21.0,11.25,35.79178314171973,0.28470060115053997
ecoli,custom_alsalam,0.6802379604430225,0.03981400931428103,0.009900990099009901,0.0,0.43461500402123776,0.4670360929426369,0.009900990099009901,0.0,6.217395995784533,1.9288488615513604,0.31530932224733565,0.06585671606713922,0.6076481357091233,0.09266893163632339,0.7351776906854425,0.10962388635243248,0.31530932224733565,0.06585671606713922,0.7351776906854425,0.10962388635243248,0.9154761904761904,0.0598214285714288,0.9086309523809524,0.05461309523809521,1.6099330194058123,0.17425583498692365,,,,,,,,,97.21850707489929,70.81579076402858
ecoli,custom_gegen,0.6397486700435715,0.050857906497635774,0.009900990099009901,0.0,0.053192348709398894,0.2873908786466617,0.009900990099009901,0.0,5.673290874583036,2.698245725955701,0.34072468270335604,0.10898621459849084,0.623132969715449,0.178036634433012,0.7479804469147426,0.17615388788090347,0.34072468270335604,0.10898621459849084,0.7479804469147426,0.17615388788090347,0.9071428571428571,0.05059523809523814,0.9157738095238095,0.05758928571428579,1.6706959560742711,0.26949432422695585,,,,,,,,,47.15947658750086,97.11489814733542
ecoli,custom_hermite,0.6416249838948389,0.019309982398216574,0.009900990099009901,0.0,0.008485312459252365,0.005020982730290926,0.009900990099009901,0.0,4.666237120804745,0.7759401068558347,0.3671228657614494,0.03752077133498111,0.7267085425746471,0.041152642101293324,0.8586117306086737,0.05599779618335132,0.3671228657614494,0.03752077133498111,0.8586117306086737,0.05599779618335132,0.831547619047619,0.023214285714285854,0.824702380952381,0.0235119047619049,1.6860738039859418,0.10479400619629886,,,,,,,,,38.2464390773073,28.97759209812849
ecoli,linear,0.6052612003789196,0.02945312202751138,0.009900990099009901,0.0,0.11512004612365598,0.0029913849931347686,0.009900990099009901,0.0,3.465393152415785,0.26478826165875,0.4414429535745529,0.022382788531680853,0.8183477470678822,0.029198969400098473,0.9749825840174233,0.010625304255147738,0.4414429535745529,0.022382788531680853,0.9749825840174233,0.010625304255147738,1.0,0.0,1.0,0.0,2.006246477382338,0.035503662232250655,,,,,,,,,6.49948235511471,0.999980189584802
ecoli,poly,0.6136314973820955,0.028357108592085956,0.009900990099009901,0.0,0.1427178665730453,0.10935706582373862,0.009900990099009901,0.0,4.055871908878917,0.49712562986749464,0.42642365142117394,0.037461358996102145,0.7405295792269615,0.03238309077602053,0.8848728667034653,0.03312490008475777,0.42642365142117394,0.037461358996102145,0.8848728667034653,0.03312490008475777,0.9446428571428571,0.027976190476190488,0.9369047619047619,0.028422619047619002,1.864372267899035,0.05602529405528678,,,,,,,,,53.240205325266416,15.698807153995503
ecoli,rbf,0.6597443955566553,0.03218262753395429,0.009900990099009901,0.0,0.047343436179496046,0.025238620947921092,0.009900990099009901,0.0,6.838667937955744,5.318082084205708,0.30876011899310946,0.15352272605882583,0.5793681263717056,0.24337660409646455,0.7119637999276782,0.275893403288341,0.30876011899310946,0.15352272605882583,0.7119637999276782,0.275893403288341,1.0,0.0,1.0,0.0,1.6291405460270387,0.40134199052098407,,,,,,,,,90.74429214669681,70.90866669727782
fertility,custom_alsalam,0.1292684914934119,0.05372753271075614,0.17326732673267325,0.25,4.012678008688304e-05,0.05333885867097642,0.11386138613861385,0.28712871287128716,13.894832410754669,31.100684252999127,0.19097951318326678,0.5485893745066591,0.3730634416288138,0.6618837477751001,0.5015604431830563,0.6605550366234398,0.19097951318326678,0.5485893745066591,0.5015604431830563,0.6605550366234398,0.36200000000000004,0.26,0.34400000000000003,0.15050000000000002,1.0863306871461262,0.2915509963882028,0.999981802123327,0.000608160858994955,0.0008526799492666289,0.36950044856211406,0.35,0.5900000000000001,17.5,29.5,28.89691711840127,49.707281740168035
fertility,custom_gegen,0.02902291458454157,0.07386109701204982,0.4603960396039604,0.21039603960396036,4.449695488878531e-28,0.008355220060687335,0.3910891089108911,0.20049504950495045,4.167071864142604,11.208124813479076,0.3869844732829654,0.4090947620539553,0.8262208572641663,0.5964421426124009,0.9338298070213951,0.44308038069759925,0.3869844732829654,0.4090947620539553,0.9338298070213951,0.44308038069759925,0.22199999999999998,0.14999999999999997,0.283,0.10050000000000006,0.683547981550525,0.4801404271974774,1.0,0.014024279691561947,0.0,0.3196727870301607,0.24,0.245,12.0,12.25,3.037412670864888e-20,46.23725745161132
fertility,custom_hermite,0.10851745416760625,0.04979911528144122,0.10891089108910891,0.2400990099009901,0.0001570915060600405,8.824691992214147e-05,0.08415841584158416,0.2524752475247525,13.650921795757966,3.5079975558609675,0.16032194863662796,0.01973073564938893,0.3765582023589836,0.06553525970736829,0.5290483651037747,0.08043336525583678,0.16032194863662796,0.01973073564938893,0.5290483651037747,0.08043336525583678,0.5940000000000001,0.07499999999999996,0.601,0.07999999999999985,1.1244052326277902,0.13068331278894973,0.9995329734141185,0.0006762062558449689,0.004471874711343554,0.02560539744544347,0.44999999999999996,0.07499999999999996,22.5,3.75,39.61464940033689,8.085084873613503
fertility,linear,0.04413584383228911,0.005818195916029008,0.5742574257425742,0.13118811881188114,0.018644795530065282,0.002983271295764988,0.5,0.1608910891089108,5.783556281393336,0.17930076599009226,0.2677217024911238,0.014907854781181007,0.637318072578374,0.011454796897368946,0.8531478549580505,0.004921534522867477,0.2677217024911238,0.014907854781181007,0.8531478549580505,0.004921534522867477,1.0,0.0,1.0,0.0,1.0137366805995858,0.030314980646345635,1.013830894352397,0.040128053191203605,0.017914997423394346,0.05455710153054776,0.36,0.08999999999999997,18.0,4.5,8.999324033651984,3.5426581041164695e-05
fertility,poly,0.0655173891895811,0.025197127625418606,0.4653465346534653,0.31930693069306926,0.029120082877234894,0.044294690339867826,0.43069306930693074,0.35148514851485146,10.847322499746802,7.07526843390722,0.20025366626480928,0.08143223451696571,0.4405255206387739,0.19829172605688933,0.5929799400644618,0.23568875667006028,0.20025366626480928,0.08143223451696571,0.5929799400644618,0.23568875667006028,0.8839999999999999,0.15799999999999992,0.839,0.23350000000000004,0.9847208230958241,0.037818042056669054,1.0154260280090397,0.05704987323832311,0.051903659183316825,0.24025314477411708,0.41000000000000003,0.08500000000000002,20.5,4.25,49.72479563471073,6.810009481692575
fertility,rbf,0.13701180585945216,0.021220342225773348,0.18811881188118812,0.3069306930693069,0.004699714574701605,0.000469504056887924,0.13861386138613863,0.22277227722772278,43.10622631423405,16.40475318863118,0.04194283314625012,0.04240211409187062,0.11695084577601225,0.1037695782020241,0.18324144210766546,0.1494742395175818,0.04194283314625012,0.04240211409187062,0.18324144210766546,0.1494742395175818,1.0,0.0,1.0,0.0,1.001003843224566,0.004982077328819612,0.9964083289999974,0.02258086776325252,0.07906846790470251,0.10665356461008403,0.95,0.4049999999999999,47.5,20.25,49.89513776530175,0.46087964385378655
fourclass,custom_alsalam,0.2085284945035935,0.04115127160840998,0.009900990099009901,0.0,0.03213352798753901,0.03207791840834677,0.009900990099009901,0.0,4.070759372479316,0.7555308476038927,0.3378646269441262,0.051918211668174175,0.804528614592106,0.07000147898218079,0.9348627079108958,0.05618134179071499,0.3378646269441262,0.051918211668174175,0.9348627079108958,0.05618134179071499,0.9382830626450116,0.03549883990719249,0.9428074245939676,0.03926914153132233,1.1365310464061351,0.04361782360062327,1.3885605759587452,0.6125059913824766,1.5249271940065023,0.7165613243539126,0.4245939675174014,0.1334106728538283,183.0,57.5,20.5922200377879,13.55646546609995
fourclass,custom_gegen,0.21094941781289006,0.023091437841547574,0.009900990099009901,0.0,0.011791702714556256,0.01082872459500459,0.009900990099009901,0.0,4.285184452067794,2.6018681529939123,0.3235294029481882,0.16369468775551704,0.7982038410672039,0.20341210847614966,0.9144864242745798,0.13141131018802887,0.3235294029481882,0.16369468775551704,0.9144864242745798,0.13141131018802887,0.8879350348027841,0.058120649651971945,0.8960556844547565,0.05261020881670542,1.1201643372903867,0.0377187586888692,1.5498887997758746,0.6200251736115623,1.670087707819398,0.7871082017650708,0.3619489559164733,0.1983758700696056,156.0,85.5,24.93345635385306,20.481281541967867
fourclass,custom_hermite,0.18973165199426528,0.024466840579139615,0.009900990099009901,0.0,0.005557329605264718,0.004174313839769612,0.009900990099009901,0.0,3.1845283701108897,0.20863671534183004,0.3719508000876953,0.009319431923577481,0.95360658622959,0.0390877345704822,0.9964121890882363,0.009549014648421061,0.3719508000876953,0.009319431923577481,0.9964121890882363,0.009549014648421061,0.8807424593967517,0.04245939675174015,0.8940835266821346,0.03578886310904872,1.1371972937336954,0.03431125759447018,0.9882956116580663,0.09048730026746032,0.9545435195749956,0.22364001873162898,0.4965197215777262,0.0841067285382831,214.0,36.25,10.533111155815146,6.391639124804419
fourclass,linear,0.22748350510727292,0.03391637449363391,0.009900990099009901,0.0,0.04497822163232089,0.004349790065951195,0.009900990099009901,0.0,1.9881590457762246,0.0021409117310713377,0.5385863829262887,0.0034617966954751944,0.9999999999999997,2.220446049250313e-16,0.9999999999999998,2.220446049250313e-16,0.5385863829262887,0.0034617966954751944,0.9999999999999998,2.220446049250313e-16,0.9995359628770302,0.00034802784222742744,0.999767981438515,0.00017401392111371372,1.2071894477253318,0.04500196725645944,1.1959752213855657,0.10506920250741714,1.2010124723620283,0.10146522889337661,0.5475638051044083,0.05684454756380519,236.0,24.5,1.9999845954420412,9.87539066077403e-08
fourclass,poly,0.2225691772333722,0.02828393558949982,0.009900990099009901,0.0,0.11427676406302764,0.07531782530807635,0.009900990099009901,0.0,3.581281912425842,0.8737813722059413,0.3788698738407793,0.07043925330796263,0.8513154609650257,0.08026176478060809,0.9608259265753716,0.04188719763522408,0.3788698738407793,0.07043925330796263,0.9608259265753716,0.04188719763522408,0.9211136890951276,0.03631090487238975,0.9270301624129933,0.028712296983758767,1.1531684695690447,0.023339236788661566,1.980446351790076,1.4386766657899615,2.6630218269759554,2.1809122414475315,0.3932714617169374,0.1142691415313225,169.5,49.25,14.970835693661876,9.530689424947154
fourclass,rbf,0.21114021709527325,0.02873825560468693,0.009900990099009901,0.0,0.020651524808498738,0.012005719166460371,0.009900990099009901,0.0,4.62172245319922,7.137568287669516,0.3256984771603453,0.2936897573814802,0.7399890082307736,0.4792364189970641,0.9010632661145971,0.3393903345488779,0.3256984771603453,0.2936897573814802,0.9010632661145971,0.3393903345488779,0.9995359628770302,0.00046403712296982924,0.999767981438515,0.00040603248259862834,1.1341346283804459,0.07402079737179901,1.0699965550280122,0.581068632015695,1.038581936071406,0.6497121166114881,0.4756380510440835,0.2575406032482599,205.0,111.0,31.29730072347548,49.601742029635275
german,custom_alsalam,0.03432855825564322,0.038637950657780494,0.01485148514851485,0.4133663366336634,416.91201049744603,2358.751042855329,0.01485148514851485,0.4752475247524752,244.04444790299587,398.6537881479468,0.031238313271205277,0.2645695951270294,0.07071564012066996,0.4360634642881193,0.10274152497850504,0.549570930739339,0.031238313271205277,0.2645695951270294,0.10274152497850504,0.549570930739339,0.1922,0.027299999999999963,0.1565,0.02115000000000003,0.9987152656497107,0.04195771998787312,1.000060417142831,0.002814424209465205,0.4582968760558933,0.9188422587127631,0.784,0.37249999999999994,392.0,186.25,250.0092531820908,499.99999744667025
german,custom_gegen,0.054876255883291994,0.0494961387007826,0.009900990099009901,0.2747524752475248,0.3954065642725576,3.5353801683233934,0.009900990099009901,0.2747524752475248,115.06373411483435,186.13456423429625,0.047576412270875876,0.1448733110655546,0.11342420514023693,0.44042924955524043,0.16012411451272274,0.6545864898150149,0.047576412270875876,0.1448733110655546,0.16012411451272274,0.6545864898150149,0.3652000000000001,0.4201000000000001,0.3381,0.40395,0.9959017976803428,0.029123116128402127,1.066841984896827,0.10942126763484605,0.9834098355388975,0.8324010311839163,0.7090000000000001,0.20450000000000002,354.5,102.25,499.8849856091009,420.6288741669769
german,custom_hermite,0.03726530619283124,0.0062884758588461695,0.009900990099009901,0.0,2.7612791574382582e-09,5.4681218177340704e-09,0.009900990099009901,0.0,45.496308288066146,20.4614431763872,0.09293054964564387,0.027953122410262363,0.190447663658888,0.04707475901975841,0.2569855562366149,0.05634737498091541,0.09293054964564387,0.027953122410262363,0.2569855562366149,0.05634737498091541,0.41620000000000007,0.06430000000000002,0.39030000000000004,0.07684999999999997,1.0340396967052288,0.011795293073098234,0.9999990770633495,9.939559709959411e-06,7.153661048235173e-07,3.2568598485072886e-06,0.6,0.0,300.0,0.0,0.705324550679399,1.5348421152557452
german,linear,0.0668570323398312,0.007408270943138853,0.009900990099009901,0.0,0.08192306913752544,0.009408200435463532,0.009900990099009901,0.0,13.164003305843192,0.2485368540709807,0.139433905372265,0.003919865276515,0.3735934876671201,0.008991696092031265,0.5229393475320493,0.007616681523439528,0.139433905372265,0.003919865276515,0.5229393475320493,0.007616681523439528,1.0,0.0,1.0,0.0,1.0258163821498998,0.005905717233936514,1.2209446110114275,0.0960993889634798,1.156625796599159,0.11026959745375442,0.542,0.019500000000000073,271.0,9.75,23.999733067536,9.250165192042914e-06
german,poly,0.06784438283435298,0.006125526293488767,0.009900990099009901,0.0,0.026024629276622496,0.016249645701770888,0.009900990099009901,0.0,24.730235628221877,5.872586489288651,0.09748413727344392,0.012573751778666667,0.2690954664527006,0.03740676415592159,0.37964077381619743,0.0485155434595847,0.09748413727344392,0.012573751778666667,0.37964077381619743,0.0485155434595847,0.923,0.03700000000000003,0.9215000000000002,0.037799999999999945,1.0156223641476667,0.007842054516327579,1.0075859028839251,0.15332520595499066,0.8566968117675319,0.9509142672161148,0.598,0.028999999999999915,299.0,14.5,480.2720971789386,25.730008699939958
german,rbf,0.06438782272608257,0.00459884399243736,0.009900990099009901,0.0,0.002481210512467513,0.0009295617269216598,0.009900990099009901,0.0,33.183884749460994,52.94016748481114,0.09029142249506546,0.04732263280750333,0.2308473611579316,0.15917263338406634,0.3206357624397157,0.22456492179098747,0.09029142249506546,0.04732263280750333,0.3206357624397157,0.22456492179098747,1.0,0.0,1.0,0.0,1.0141897756937786,0.006449607706668692,1.016150886077892,0.08804581649723131,0.9248670756578263,0.12199584897420512,0.62,0.13750000000000007,310.0,68.75,476.1740208050869,88.02213300666585
glass,custom_alsalam,0.2970172949493667,0.04849433540242354,0.009900990099009901,0.0,0.5099694999266585,4.856851154532576,0.009900990099009901,0.0,7.248487999529885,2.487223889856484,0.2993749887130183,0.077458106892904,0.5584540759681524,0.0820680603544457,0.6701035095272428,0.09027413291229724,0.2993749887130183,0.077458106892904,0.6701035095272428,0.09027413291229724,0.8869158878504673,0.01728971962616832,0.8985981308411215,0.031542056074766456,1.2998753315098899,0.12437268573095639,,,,,,,,,95.4274654333395,22.698762688474744
glass,custom_gegen,0.18834510579675956,0.24081432610833087,0.009900990099009901,0.0,0.4954978664544818,5.820784830323353,0.009900990099009901,0.0,4.919577440877294,3.935258901077791,0.3995891341868041,0.29807524845035105,0.6389331793064559,0.14324846786439382,0.7665339576224217,0.08605655978349247,0.3995891341868041,0.29807524845035105,0.7665339576224217,0.08605655978349247,0.7672897196261681,0.24065420560747663,0.7785046728971963,0.22873831775700937,1.402419139037544,0.15469285213165862,,,,,,,,,82.63729533389183,43.56115088031842
glass,custom_hermite,0.2402933734874868,0.0543391317872913,0.009900990099009901,0.0,0.0027451912260994553,0.002163755462043199,0.009900990099009901,0.0,4.679397411457111,0.9199499629179568,0.40067484996571057,0.05179905278468927,0.6758822263215661,0.04673177963219022,0.8203511813923668,0.03647655597711419,0.40067484996571057,0.05179905278468927,0.8203511813923668,0.03647655597711419,0.8196261682242991,0.05420560747663561,0.8345794392523365,0.02967289719626154,1.2920799665954306,0.057204346193356015,,,,,,,,,41.444338526737866,9.398232929775148
glass,linear,0.27638059720453795,0.043283133585561184,0.009900990099009901,0.0,0.06721991287017648,0.010478194981700398,0.009900990099009901,0.0,3.578753213748473,0.4167790161259113,0.4617870617524707,0.039248393614553345,0.7776345440964221,0.028436108085155287,0.9340379707835369,0.012930362961687591,0.4617870617524707,0.039248393614553345,0.9340379707835369,0.012930362961687591,1.0,0.0,1.0,0.0,1.4999966193265726,0.10964436346027973,,,,,,,,,8.996013726328659,0.0004403331037945435
glass,poly,0.28358277553606875,0.028010603804437484,0.009900990099009901,0.0,0.08370829511586984,0.12598055804896158,0.009900990099009901,0.0,4.858931941355277,1.3020010516862097,0.37694092603649965,0.08332342485835664,0.6740440549534468,0.06769407292193619,0.8355657580130056,0.07041831011794086,0.37694092603649965,0.08332342485835664,0.8355657580130056,0.07041831011794086,0.9429906542056075,0.032710280373831724,0.946728971962617,0.03948598130841108,1.4659017185926766,0.11378777631996817,,,,,,,,,53.73014035422077,16.94317188104683
glass,rbf,0.29460960597248087,0.04469941651007037,0.009900990099009901,0.0,0.02241018037912394,0.008577749599420856,0.009900990099009901,0.0,6.799203479904883,5.444070901538454,0.3195981016537264,0.12386307380231784,0.5661371134849147,0.171193506629434,0.6838709738160188,0.2031322122595689,0.3195981016537264,0.12386307380231784,0.6838709738160188,0.2031322122595689,1.0,0.0,1.0,0.0,1.3385863597526866,0.13565388550214896,,,,,,,,,71.75334055783,30.525171531469923
haberman,custom_alsalam,0.04037646635054268,0.02739517370661278,0.03465346534653465,0.15099009900990099,0.00124486083339641,0.001590089928387315,0.024752475247524754,0.11881188118811882,2.584310152019003,2.477599893881039,0.5784458170363576,0.310073122005771,0.8663160100162485,0.1809794251894553,0.9665625648149532,0.07380959770668982,0.5784458170363576,0.310073122005771,0.9665625648149532,0.07380959770668982,0.6967320261437908,0.2918300653594771,0.7496732026143792,0.3017973856209152,1.0635831357633023,0.21021975481537525,0.9860964046450189,0.022760519127750123,0.22814396677973842,0.4882829656041058,0.5457516339869282,0.016339869281045805,83.5,2.5,15.461526694175205,11.358930599585127
haberman,custom_gegen,0.06954445955595345,0.03682897866884462,0.009900990099009901,0.014851485148514853,0.0031973997701476957,0.002376008100516725,0.009900990099009901,0.007425742574257427,2.289168954381007,1.9156642291123527,0.6257231421857413,0.29093716005846076,0.877837231277047,0.16610418182926356,0.9498986507548608,0.12096601362990633,0.6257231421857413,0.29093716005846076,0.9498986507548608,0.12096601362990633,0.5483660130718955,0.284313725490196,0.5176470588235293,0.2911764705882353,1.1891646830189695,0.34985657832321837,0.988150924853746,0.03793797736619142,0.028669710653843744,0.21519831812065607,0.5392156862745098,0.042483660130718914,82.5,6.5,23.22791651114814,14.706529406756768
haberman,custom_hermite,0.05416825807538064,0.037757866342661366,0.009900990099009901,0.07920792079207921,0.0009593048519068023,0.00042448092211231714,0.009900990099009901,0.08415841584158416,3.764414946264712,0.637288538856942,0.39493470102588696,0.053161257993330824,0.8278531862412897,0.07448043024560214,0.9538516404290234,0.04174691003835562,0.39493470102588696,0.053161257993330824,0.9538516404290234,0.04174691003835562,0.7980392156862743,0.05947712418300655,0.8401960784313727,0.044607843137254855,1.1153389340591784,0.04331500560494672,0.9851174447985948,0.046744223891226344,0.0676699674590702,0.43869495023027666,0.5392156862745098,0.02777777777777779,82.5,4.25,21.097315725166595,13.042917845477504
haberman,linear,0.02516241309260585,0.015105461119085475,0.1188118811881188,0.13861386138613863,0.003956568116674845,0.0023372159198231874,0.08415841584158415,0.14356435643564358,2.219247152386904,0.10403223308019083,0.5994510677128801,0.024439019415479435,0.9999999999999997,2.220446049250313e-16,0.9999999999999998,0.0,0.5994510677128801,0.024439019415479435,0.9999999999999998,0.0,0.9973856209150327,0.002287581699346619,0.9970588235294118,0.0013071895424835445,1.0480354688145248,0.02357560128010272,0.9967710364420039,0.031928236988578274,0.009182813132235087,0.23831019225975975,0.5392156862745098,0.017973856209150374,82.5,2.75,2.9999322887389983,5.2641500727368395e-06
haberman,poly,0.025162413092605848,0.010462052754341783,0.10891089108910892,0.11633663366336634,0.006712062469464584,0.0069302516340009005,0.08415841584158416,0.08663366336633661,2.8674232413172067,0.5787668393561067,0.5255771296555176,0.06511497254007992,0.8675730840638674,0.1214333042115957,0.9573131997359103,0.04257317748431666,0.5255771296555176,0.06511497254007992,0.9573131997359103,0.04257317748431666,0.8941176470588235,0.09836601307189552,0.9163398692810458,0.0797385620915032,1.0282910482796397,0.029349949952205856,0.9996275753683495,0.0073997636739046024,0.00928433846982849,0.3271707743764584,0.5588235294117647,0.017973856209150263,85.5,2.75,19.38768360356449,17.998441551158677
haberman,rbf,0.030641462450348045,0.011850811188085147,0.09900990099009901,0.10396039603960396,0.0003289768566133269,0.0013897209707415539,0.07920792079207921,0.06188118811881188,2.4357796395565985,0.6724148972009565,0.5722110774027365,0.08314833048941928,0.9459914660540062,0.10390169952030559,0.9818688893856771,0.038564028963430474,0.5722110774027365,0.08314833048941928,0.9818688893856771,0.038564028963430474,0.9973856209150327,0.0009803921568628526,0.9970588235294118,0.0013071895424835445,1.0405338754181537,0.030259911569758158,0.9997293626239903,0.02726765046910573,0.0007876421506643138,0.41438970190539937,0.5326797385620915,0.05228758169934633,81.5,8.0,14.32188152363791,12.618335848337376
heart,custom_alsalam,0.13921765709343734,0.01685214198051796,0.009900990099009901,0.0,4.32953186263542,8.404549728485417,0.009900990099009901,0.0,69.23301429133087,5.467775467128888,0.049233406596048024,0.009739511622143024,0.12413318596957815,0.010373963535542624,0.18038076648401047,0.014989924025434559,0.049233406596048024,0.009739511622143024,0.18038076648401047,0.014989924025434559,0.6607407407407406,0.05629629629629629,0.5707407407407408,0.0746296296296296,1.0086372081320105,0.0036388722091573733,1.0169481976648846,0.016152245471594107,1.0177379185586197,0.019592890740922853,0.8666666666666667,0.05740740740740735,117.0,7.75,134.99919395720866,0.06662221042449801
heart,custom_gegen,0.2782759517454115,0.11342946616131355,0.009900990099009901,0.0,0.32628061079409976,0.7656519118583529,0.009900990099009901,0.0,22.585203863389843,23.129846025768636,0.12980701497534824,0.12464466151484649,0.295717276466528,0.22138749610884578,0.3905717710329607,0.2708921364701997,0.12980701497534824,0.12464466151484649,0.3905717710329607,0.2708921364701997,0.805185185185185,0.10074074074074069,0.7896296296296297,0.15648148148148167,1.0502971662502771,0.07218233011318653,0.9032918752983864,0.3146175176475805,0.9682548461446056,0.2892160917857892,0.6777777777777778,0.16666666666666674,91.5,22.5,134.78779228464984,9.537946410902578
heart,custom_hermite,0.27012469632829894,0.034335635869425396,0.009900990099009901,0.0,0.0001889345568336711,9.518058672616854e-05,0.009900990099009901,0.0,19.58269389798982,6.801757177219265,0.15180344100731896,0.03239095669371711,0.3160656584463753,0.07935790915080482,0.4167940385378525,0.08766556115559854,0.15180344100731896,0.03239095669371711,0.4167940385378525,0.08766556115559854,0.5933333333333333,0.07185185185185206,0.5596296296296295,0.07555555555555582,1.1075059263968057,0.01880586536351525,0.8292530966501793,0.17387482609288518,0.8544712108969343,0.35605182959855286,0.7296296296296296,0.12777777777777777,98.5,17.25,77.18074121761461,26.354120080453583
heart,linear,0.33814571815694133,0.037356243184751114,0.009900990099009901,0.0,0.3930725891872091,0.03783586695513308,0.009900990099009901,0.0,6.464854010047262,0.20764013731854103,0.28099449062649884,0.023635857650254277,0.5885063093098511,0.006110385249541994,0.7718991230379193,0.008519293179246046,0.28099449062649884,0.023635857650254277,0.7718991230379193,0.008519293179246046,1.0,0.0,1.0,0.0,1.1558764445718774,0.02486703326261286,1.2809732228225532,0.5185703600868472,1.4530784996119546,0.6135182035579068,0.4444444444444444,0.09999999999999998,60.0,13.5,12.999410194099823,5.995061627572795e-05
heart,poly,0.3321314520798862,0.03751007121043742,0.009900990099009901,0.0,0.056189914716183245,0.10524422004638742,0.009900990099009901,0.0,7.637771228773804,3.865139819183212,0.25332615259986924,0.04787561256960965,0.5461729855972453,0.12943052740283,0.718465823208946,0.17014204345376727,0.25332615259986924,0.04787561256960965,0.718465823208946,0.17014204345376727,0.9814814814814814,0.05814814814814817,0.9781481481481481,0.05611111111111111,1.1371913603319208,0.03953689090194845,1.0920768379874763,0.5555085921815046,1.191428214143794,0.665406715210211,0.5185185185185185,0.1296296296296296,70.0,17.5,53.34289820337876,113.04674225759473
heart,rbf,0.3190442519754354,0.060206979824066253,0.009900990099009901,0.0,0.01910467124264912,0.009340279611714242,0.009900990099009901,0.0,11.330238153915943,11.599145168593445,0.2050018827481459,0.09712863845120998,0.439947283552933,0.18302085567962734,0.5801396553135468,0.23875874755956739,0.2050018827481459,0.09712863845120998,0.5801396553135468,0.23875874755956739,1.0,0.0,1.0,0.0,1.117150917609496,0.05232262866928017,1.0925521851919031,0.4086422660374498,1.1404721005476643,0.534848365951244,0.6,0.27592592592592596,81.0,37.25,121.82841362403559,24.735326610543822
hepatitis,custom_alsalam,0.15626324767640254,0.027745543534993866,0.12871287128712872,0.21287128712871284,0.039734390473280944,0.16652024556241857,0.1782178217821782,0.21534653465346532,28.966099032609506,22.564909251133173,0.07427805138266928,0.1513234629035922,0.18767080714753773,0.3638392185317683,0.27115849042039875,0.41459646379561366,0.07427805138266928,0.1513234629035922,0.27115849042039875,0.41459646379561366,0.25,0.08625,0.315,0.051875000000000004,1.0332555607810194,0.1913663661100844,0.9999977942374655,0.02326735882139319,0.03717416642259209,0.09691527883634185,0.6625,0.64375,26.5,25.75,20.16163493548449,39.98889875897328
hepatitis,custom_gegen,0.16814078153704248,0.10986374394962828,0.054455445544554455,0.400990099009901,0.11922465834393577,2543596.2574803815,0.07920792079207921,0.4059405940594059,17.9279501593514,9.891683708490579,0.12555992964859336,0.08246938301640323,0.30162251821101493,0.15600226848196508,0.4280371382542741,0.18870331951452213,0.12555992964859336,0.08246938301640323,0.4280371382542741,0.18870331951452213,0.21749999999999997,0.62625,0.3,0.5262499999999999,1.0449621188177676,0.07754073858592203,1.0003253535794001,0.012227728767389534,0.714240539143786,0.7270098129542523,0.5625,0.5687500000000001,22.5,22.75,39.768931556971225,30.74702594710104
hepatitis,custom_hermite,0.20650130265254857,0.05127748247193181,0.009900990099009901,0.03712871287128713,4.781905711497367e-07,1.0497050448229257e-06,0.019801980198019802,0.07178217821782179,23.20901606229659,2.5436094938685656,0.08778189633262691,0.008783502451729222,0.2295776055944238,0.029725909202429762,0.34749557726595875,0.04593382370238963,0.08778189633262691,0.008783502451729222,0.34749557726595875,0.04593382370238963,0.38,0.07375000000000004,0.41625,0.03875000000000001,1.0964614331832523,0.09404056854876397,0.9999981069014258,3.794485785280077e-05,6.911311718824245e-06,0.00017277808161249322,0.32499999999999996,0.04999999999999999,13.0,2.0,1.8915969809358626,3.054724331468334
hepatitis,linear,0.22922893953409226,0.0572706672378219,0.009900990099009901,0.0,0.23528820268042305,0.061105954317741795,0.009900990099009901,0.0,7.871612504763035,0.6125301851089313,0.24358426401749037,0.03190073764118778,0.5186404117825969,0.0170563920689365,0.691655490846748,0.011087881339010952,0.24358426401749037,0.03190073764118778,0.691655490846748,0.011087881339010952,1.0,0.0,1.0,0.0,1.119425138672096,0.038798344655280204,1.0203669764656955,1.0719023837663166,0.26148736510901993,1.5449063640281167,0.3875,0.11249999999999999,15.5,4.5,18.99613282415399,0.0010960666638588634
hepatitis,poly,0.22082859792073006,0.05725277157022357,0.009900990099009901,0.0,0.1813582139594403,0.1304245593017791,0.009900990099009901,0.007425742574257427,15.13464618456857,5.012602731929441,0.16430816366239448,0.04191449519338952,0.34951017884194097,0.07482152805205144,0.4797341950068693,0.10179058203420227,0.16430816366239448,0.04191449519338952,0.4797341950068693,0.10179058203420227,0.895,0.09375,0.9025,0.09750000000000003,1.0705588599663982,0.06037064052818564,1.0723775528064423,0.04711282147628615,0.7578913402102985,0.14829859135518453,0.55,0.1312500000000001,22.0,5.25,39.943806261983,0.2760346399357658
hepatitis,rbf,0.19449070924057094,0.06493123381171714,0.009900990099009901,0.007425742574257427,0.008981344123305611,0.00197553070033233,0.009900990099009901,0.007425742574257427,18.83004271963192,13.955802284711169,0.14253128949232824,0.08186831928931303,0.29993277939391894,0.1701762717756712,0.4096039240234831,0.23287512449210857,0.14253128949232824,0.08186831928931303,0.4096039240234831,0.23287512449210857,1.0,0.0,1.0,0.0,1.0460628152767608,0.05551392194091265,0.9978232157460631,0.016329519870203146,0.5039528479293565,0.7008492249435726,0.7,0.35625000000000007,28.0,14.25,39.61685279035647,0.4769604843510251
ionosphere,custom_alsalam,0.136248980493214,0.029152787369937927,0.009900990099009901,0.0,182338.67920953003,6725517.371375865,0.009900990099009901,0.0,49.78060229117961,7.538954829608485,0.06779105937938357,0.01087700200927691,0.14644581513634974,0.03646534495186671,0.21787068306059199,0.02505358576214617,0.06779105937938357,0.01087700200927691,0.21787068306059199,0.02505358576214617,0.5732207792207791,0.035525974025974016,0.5567126623376624,0.02494805194805183,1.151814860612379,0.14137851267341106,1.0747577025188346,0.010443909300395182,1.025311485266391,0.014774362391164031,0.6960227272727273,0.028165584415584366,122.5,4.25,174.9999986084502,7.477978186898326e-06
ionosphere,custom_gegen,0.06462434086675817,0.0989235059125913,0.009900990099009901,0.0,7.506816968253152,22986.63087374197,0.009900990099009901,0.0,17.41076152015516,14.722366622021289,0.11753351636709039,0.025097096979381756,0.3034085709876229,0.14365921346062663,0.45000392996645,0.2889392583521674,0.11753351636709039,0.025097096979381756,0.45000392996645,0.2889392583521674,0.6325714285714286,0.15718019480519474,0.6459999999999999,0.1563149350649351,1.500781341618402,0.4368131765478154,1.1359618864867542,0.20450747627827304,1.0962485349246287,0.18988744388357215,0.5412987012987013,0.09310876623376618,95.0,16.75,174.77593706022134,0.38831175379300475
ionosphere,custom_hermite,0.03635438615039559,0.02448727687863296,0.019801980198019802,0.04702970297029704,0.0022827604880721487,0.004813591311167397,0.019801980198019802,0.054455445544554455,1.7705068167254954,0.4282208083834216,0.7461222985460471,0.09267639305434672,0.8525024112261146,0.03917810834259372,0.9006206302035733,0.030045729764594076,0.7461222985460471,0.09267639305434672,0.9006206302035733,0.030045729764594076,0.35669480519480523,0.02638311688311684,0.37036688311688315,0.018520292207792166,1.2976334662919171,0.23456726378933168,1.010919563885315,0.09437729577817566,0.6493961978647659,0.4634425063415506,0.6771428571428572,0.046875,118.5,8.25,50.67523021920624,21.900797211568346
ionosphere,linear,0.15640559252957908,0.04372834967812467,0.009900990099009901,0.0,0.2513707143676225,0.06887088801881441,0.009900990099009901,0.0,7.558034083004141,0.8491248086323671,0.30778725150355557,0.023246462037979976,0.5090892956648845,0.019741530036857857,0.636338184978159,0.024057791632958403,0.30778725150355557,0.023246462037979976,0.636338184978159,0.024057791632958403,1.0,0.0,1.0,0.0,1.2625143356721331,0.09199140809097428,1.8498961067981505,1.3382523214283388,2.456716569369121,2.0232545351926277,0.31534090909090906,0.1485064935064935,55.5,25.75,32.99679528488977,0.0007395367556384258
ionosphere,poly,0.15871758909232425,0.032939679427962776,0.009900990099009901,0.0,0.06783887771924661,0.0750212852991358,0.009900990099009901,0.0,13.212004504260506,4.215324271525969,0.22407323727503767,0.04830605065152524,0.3710140992417668,0.06794855914418646,0.4649001291395173,0.08395887710696254,0.22407323727503767,0.04830605065152524,0.4649001291395173,0.08395887710696254,0.8772727272727273,0.05498701298701281,0.8965909090909092,0.04782467532467549,1.2711153312775956,0.07973910619184199,1.1993371733512004,0.565968396865302,1.2661076605079398,0.762919338367245,0.4085714285714286,0.20544642857142859,71.5,36.0,150.1896388532361,19.983142777741335
ionosphere,rbf,0.2254033710044764,0.046234480044813564,0.009900990099009901,0.0,0.018764756178578403,0.00669626289972821,0.009900990099009901,0.0,13.958315014795911,8.2128401538202,0.22037324954067275,0.06244536649053406,0.37576277492220955,0.09702790243771542,0.48041289938548837,0.1308873802502597,0.22037324954067275,0.06244536649053406,0.48041289938548837,0.1308873802502597,1.0,0.0,1.0,0.0,1.157383479074712,0.08381401320055892,1.0960916137380554,0.3071411507265882,1.0428581166788318,0.3654296989694523,0.5300811688311688,0.36759740259740253,93.0,64.25,155.7994915345199,24.81860813539967
mines,custom_alsalam,0.11705845612998056,0.017553641387394125,0.009900990099009901,0.0,0.034141802959441345,0.009775540671520436,0.009900990099009901,0.0,8.02227720318433,3.4276784362651718,0.2380617737405698,0.09377679433788244,0.54198659085016,0.2072255276197591,0.6985666854357659,0.21488000378995598,0.2380617737405698,0.09377679433788244,0.6985666854357659,0.21488000378995598,0.8988165680473372,0.012426035502958621,0.869526627218935,0.03624260355029596,1.048000333318656,0.008549062080856595,,,,,,,,,56.049630231922194,59.30771246802813
mines,custom_gegen,0.11473546343156385,0.0209851303538435,0.009900990099009901,0.0,0.006208249382458555,0.015449877635393478,0.009900990099009901,0.0,7.089655828819996,5.536034480591681,0.2519885963711508,0.18351228892011998,0.568425908684339,0.3347223668189692,0.7311370678719228,0.29475012820682966,0.2519885963711508,0.18351228892011998,0.7311370678719228,0.29475012820682966,0.785207100591716,0.07159763313609468,0.763905325443787,0.06775147928994096,1.0426513068813499,0.0366893371363759,,,,,,,,,51.97169359819728,51.43105998779456
mines,custom_hermite,0.1172686522225527,0.014042111805562987,0.009900990099009901,0.0,0.0035989604025605903,0.0002226904010400278,0.009900990099009901,0.0,4.552087482513551,0.349393329589911,0.3007555377247647,0.004044908294457028,0.7726959824935759,0.02911366560901474,0.9311368656487677,0.04124099289659433,0.3007555377247647,0.004044908294457028,0.9311368656487677,0.04124099289659433,0.8284023668639053,0.019230769230769384,0.81301775147929,0.02499999999999991,1.0666470413521285,0.015227490626464224,,,,,,,,,27.379920408729927,8.266851548345244
mines,linear,0.12103541587125721,0.015497682663448045,0.009900990099009901,0.0,0.031679725989626845,0.004674125724404909,0.009900990099009901,0.0,2.624841044777563,0.051477324841762595,0.45236111873113655,0.011116498343711534,0.9999999999999997,2.220446049250313e-16,0.9999999999999998,1.1102230246251565e-16,0.45236111873113655,0.011116498343711534,0.9999999999999998,1.1102230246251565e-16,1.0,0.0008875739644970126,0.9997041420118343,0.0005917159763313418,1.0926920008864585,0.013028574317353492,,,,,,,,,2.9999538622402397,9.761132790941929e-07
mines,poly,0.10945196396596968,0.022754037685495165,0.009900990099009901,0.0,0.06262829584257121,0.05909288145775645,0.009900990099009901,0.0,5.171740104141557,2.1751320572998747,0.3054821622666405,0.0938918346297219,0.6946162987586084,0.1987321331049231,0.8467410006766766,0.11897893308490903,0.3054821622666405,0.0938918346297219,0.8467410006766766,0.11897893308490903,0.8946745562130176,0.07426035502958583,0.8715976331360946,0.08994082840236695,1.0565874558945794,0.02523309645784133,,,,,,,,,33.89815308221299,36.52403258563501
mines,rbf,0.11993661639352388,0.011106590882269646,0.009900990099009901,0.0,0.01001687397897905,0.002333332451311756,0.009900990099009901,0.0,7.562518291022734,6.523138508375365,0.24467723556594523,0.1704659081316929,0.5651049974561908,0.3557632218906814,0.7214284619244815,0.2998576166478103,0.24467723556594523,0.1704659081316929,0.7214284619244815,0.2998576166478103,1.0,0.0008875739644970126,1.0,0.0005917159763313418,1.0443324837821921,0.048271100522470745,,,,,,,,,70.07499610794574,57.87994942880744
parkinson,custom_alsalam,0.1793288899887619,0.032285565672986655,0.009900990099009901,0.0,305.986842698917,2626.252824143596,0.009900990099009901,0.0,25.209574851127563,5.105767749161437,0.11898102637818651,0.03581084840143274,0.2636023857270646,0.04696947183850597,0.35754723101710983,0.04002463250254107,0.11898102637818651,0.03581084840143274,0.35754723101710983,0.04002463250254107,0.8144014306753629,0.1097149168945929,0.7907847675152537,0.09640753208499908,1.0773299095066775,0.07636960500414314,1.1818735965072467,0.11026739283245535,1.028625699717677,0.09902667973090795,0.5539133179044814,0.09449295181990325,54.0,9.25,97.47243431950344,0.9999475933636717
parkinson,custom_gegen,0.21948988732979036,0.056169102977851326,0.009900990099009901,0.0,8.396905195089596,18.190827961202746,0.009900990099009901,0.0,7.277426102255799,3.008038185619875,0.2938455667454367,0.13127677696253975,0.5556054678681918,0.13003214700901633,0.6857744286065162,0.12145072934161305,0.2938455667454367,0.13127677696253975,0.6857744286065162,0.12145072934161305,0.673469387755102,0.1921681043551441,0.6291342310119924,0.22568377866610578,1.411114672474993,0.31944634078072687,1.1666396645744639,0.4877413906506147,1.0219334421235762,0.7804977773515214,0.46670523879654957,0.09838523038081215,45.5,9.75,96.98350224484022,5.366491679974516
parkinson,custom_hermite,0.06256602909827196,0.01901343762592854,0.024752475247524754,0.02475247524752475,0.00045506872044244625,0.00022491250492121082,0.024752475247524754,0.02475247524752475,2.6312992307534886,1.4452925328515835,0.5809476274373517,0.14582745839924616,0.8241971525761984,0.14038628115406437,0.9029435142542913,0.11814297329065693,0.5809476274373517,0.14582745839924616,0.9029435142542913,0.11814297329065693,0.5877130233536714,0.049479276246581216,0.5825531243425204,0.03549337260677454,0.7544143746402252,0.06578024882507427,1.0001189307960843,0.0033524724463365185,0.0009737243966267324,0.017319861406410862,0.5206185567010309,0.04118451504313064,50.5,3.5,35.86065046370915,15.408299061279038
parkinson,linear,0.23838839516667348,0.015933177721606046,0.009900990099009901,0.0,0.1465451738791628,0.04816649593121222,0.009900990099009901,0.0,3.242130800732162,0.607987632807669,0.5134240887554783,0.06957139342483026,0.7691451350142976,0.0416818517927775,0.8770516363339008,0.020276568346592416,0.5134240887554783,0.06957139342483026,0.8770516363339008,0.020276568346592416,1.0,0.0,1.0,0.0,1.1229712636641387,0.027455797045213393,1.5467285352301814,0.5627634777133461,1.2843952081909662,0.6213450261043141,0.4175257731958763,0.08158005470229329,40.5,7.75,17.918207159876815,0.01071667935749332
parkinson,poly,0.275305231842202,0.06201039431014521,0.009900990099009901,0.0,0.04217581323673486,0.17306727732912,0.009900990099009901,0.0,4.2261523935985785,0.8816107188922708,0.42715265046012507,0.057965075127238586,0.7081251577135959,0.0520026949457667,0.8200760879322235,0.0670452084588602,0.42715265046012507,0.057965075127238586,0.8200760879322235,0.0670452084588602,0.9262045024195245,0.12551020408163271,0.9328266358089627,0.13826530612244903,1.1763686808415863,0.08518338774299572,1.3090620961850248,0.3707139064104814,1.0071223060295516,0.4241003894311004,0.41836734693877553,0.04147380601725226,41.0,4.25,67.30041681295633,64.84717961939552
parkinson,rbf,0.1899230998506583,0.06610379466676783,0.009900990099009901,0.0,0.009279235825917161,0.0014097047495600853,0.009900990099009901,0.0,26.57408624297607,32.38079853186983,0.10552530426635945,0.23189588153092483,0.26178795977297514,0.3893536993627127,0.3533367648588497,0.44105049880457037,0.10552530426635945,0.23189588153092483,0.3533367648588497,0.44105049880457037,1.0,0.0,1.0,0.0,1.029544836029177,0.05052059749304938,1.074137112392466,0.09326686144617047,0.9114041427839705,0.13724345968604734,0.6000946770460762,0.20579107931832524,58.5,19.5,96.59379914996867,24.154058255649602
statlog,custom_alsalam,0.1855350082689759,0.03658022792192722,0.009900990099009901,0.0,38.358417155408105,502.6864483566469,0.009900990099009901,0.0,22.613229445398005,5.678849865196376,0.1386293779840267,0.02337218623382925,0.2995461757597421,0.041360936869469345,0.38549983922850917,0.04370876811809388,0.1386293779840267,0.02337218623382925,0.38549983922850917,0.04370876811809388,0.866508128578311,0.049241482079033894,0.8773968382015171,0.06009868015640918,1.053235799179781,0.008936329980304913,,,,,,,,,422.4878491384599,1.4165586029416772
statlog,custom_gegen,0.1314415732313585,0.03604352290678918,0.009900990099009901,0.0,0.2764178241048638,0.29859748327429625,0.009900990099009901,0.0,5.516934992026682,2.9877700612757954,0.3776396441709697,0.11914289140950696,0.6113151542549948,0.10260285501980126,0.719148573658952,0.10850675929607911,0.3776396441709697,0.11914289140950696,0.719148573658952,0.10850675929607911,0.812085308056872,0.04673624415986022,0.8221281077386755,0.04952102450337814,1.075690548040348,0.02977482944978016,,,,,,,,,365.713300815558,82.77168032828888
statlog,custom_hermite,0.11610842724595864,0.013411743018869424,0.009900990099009901,0.0,0.0026887197902613607,0.002268135701529471,0.009900990099009901,0.0,6.163900777296397,2.7256764523685204,0.3152475941482093,0.12625012297267024,0.6099018494551487,0.1383764922762205,0.7246992610258437,0.1348471378216477,0.3152475941482093,0.12625012297267024,0.7246992610258437,0.1348471378216477,0.6757470337131524,0.06781872878222595,0.6807199757991329,0.05323994711662361,1.070436210877582,0.018382833349150696,,,,,,,,,219.09319190247248,141.84481144216232
statlog,linear,0.12428935251269674,0.008401419701127052,0.009900990099009901,0.0,0.09026150478262857,0.005698402124437188,0.009900990099009901,0.0,2.6261613083743196,0.09182715267039665,0.5810523570538086,0.010153106212161145,0.8380532444053973,0.014033378389382234,0.9327914841209269,0.010510450904910096,0.5810523570538086,0.010153106212161145,0.9327914841209269,0.010510450904910096,1.0,0.0,1.0,0.0,1.1167019815662669,0.012415915957504353,,,,,,,,,17.957368551600922,0.0016913703886238807
statlog,poly,0.12471999737536477,0.008107086470788866,0.009900990099009901,0.0,0.03889239970052691,0.033324588097833015,0.009900990099009901,0.0,3.801387557644285,0.6461476172335407,0.4705851894255161,0.04651889631579298,0.7092453254171223,0.057941194585810374,0.8213976144496551,0.042199730628271315,0.4705851894255161,0.04651889631579298,0.8213976144496551,0.042199730628271315,0.9147995025377298,0.03663098159165534,0.9197561986711933,0.03026466897471225,1.1014573446644857,0.018347228157457707,,,,,,,,,215.94221144511903,85.44685243479915
statlog,rbf,0.13629308051048195,0.04276871195842313,0.009900990099009901,0.0,0.007416685367219345,0.008264561126538571,0.009900990099009901,0.0,3.8184182638216035,8.297086951925039,0.46746623793115644,0.2427535846780229,0.7153069679513369,0.2790288788580025,0.8280913516470829,0.2835137287916244,0.46746623793115644,0.2427535846780229,0.8280913516470829,0.2835137287916244,1.0,0.0,1.0,0.0,1.0984490799045479,0.033390295406213966,,,,,,,,,141.25632723507778,216.2907661476024
student,custom_alsalam,0.2668190505480457,0.18309340338024396,0.4257425742574258,0.3613861386138614,0.8387394172982289,168563.51981504163,0.3613861386138614,0.24752475247524752,60.62879557758163,56.097171238204766,0.03424430139546969,0.3746532485774251,0.09225771558248685,0.6248643983096689,0.14289177787123347,0.6567749854717146,0.03424430139546969,0.3746532485774251,0.14289177787123347,0.6567749854717146,0.06478310502283105,0.03650114155251141,0.09863013698630138,0.06748477929984781,1.0041542611896448,0.012941992303231342,,,,,,,,,71.99756464775092,56.50995757288955
student,custom_gegen,0.03423706478057108,0.1178101332307686,0.603960396039604,0.6633663366336633,5.20915797066772e-93,0.0016251269276296365,0.6039603960396039,0.698019801980198,1.0067578800615147,15.652044674802408,0.9966439149542277,0.7837608002688335,0.9999999783786848,0.5514120164484784,0.9999999870899893,0.4594694729125983,0.9966439149542277,0.7837608002688335,0.9999999870899893,0.4594694729125983,0.06482115677321157,0.18446537290715373,0.10555555555555557,0.18779965753424657,0.949094589691581,0.4648650977250841,,,,,,,,,3.880517385160342e-86,52.27559302331922
student,custom_hermite,0.12714338369153166,0.019650718743747936,0.1683168316831683,0.15594059405940594,8.512536112370468e-08,1.3954274322666058e-07,0.19306930693069307,0.18811881188118815,12.796547081122984,3.5706740419901877,0.1968317451867024,0.05993776872003692,0.39643649294718974,0.06142774842084808,0.5101842530266689,0.06415910977252681,0.1968317451867024,0.05993776872003692,0.5101842530266689,0.06415910977252681,0.11388888888888887,0.08596841704718415,0.1388888888888889,0.07103310502283103,1.0302601425554887,0.0547351272617036,,,,,,,,,0.48278505558924456,0.763653793088802
student,linear,0.1649067889565597,0.01994155008044529,0.04455445544554455,0.07425742574257427,0.21166548822971248,0.02389570740744995,0.04950495049504951,0.10643564356435643,14.509856838270867,0.809600227343811,0.1486759631689299,0.018923054897433567,0.3466074823572442,0.017503548433210836,0.4867909319401363,0.01998983599141485,0.1486759631689299,0.018923054897433567,0.4867909319401363,0.01998983599141485,1.0,0.0,1.0,0.0,1.016777744481918,0.00872982222987373,,,,,,,,,30.99711553163852,0.00025918792425017045
student,poly,0.19349556459271672,0.04056384551154393,0.039603960396039604,0.051980198019801985,0.027988508196813335,0.052752899992314424,0.039603960396039604,0.06435643564356436,21.63977274161476,9.574230508268808,0.11337792691160645,0.037445265441938366,0.2695034463513082,0.07792242947741349,0.38790313497513057,0.10609475082759201,0.11337792691160645,0.037445265441938366,0.38790313497513057,0.10609475082759201,0.8981925418569253,0.1290715372907154,0.9116438356164385,0.12604166666666672,1.0107037765036448,0.006611931341345745,,,,,,,,,71.96161335250241,0.8211959136427964
student,rbf,0.28867696930653675,0.06303767329760385,0.10396039603960397,0.3465346534653465,0.012026376741844171,0.0023410051011216806,0.09405940594059406,0.3193069306930693,70.94213690907121,35.70932148666484,0.018466027314516166,0.07047436510354477,0.05117394893147474,0.14448225438128215,0.0817545169567144,0.1995825677719257,0.018466027314516166,0.07047436510354477,0.0817545169567144,0.1995825677719257,1.0,0.0,1.0,0.0,1.0001247685986425,0.010813510215837763,,,,,,,,,72.04677114229236,0.7300819493145241
vertebral,custom_alsalam,0.4058218351779384,0.06673738144550373,0.009900990099009901,0.0,0.11399869513388818,0.19882524443615204,0.009900990099009901,0.0,5.2965038440044605,1.8659455348096596,0.37325464521301943,0.12480274559964916,0.6376340740045461,0.13151909700606912,0.7739834451391003,0.0960833461334345,0.37325464521301943,0.12480274559964916,0.7739834451391003,0.0960833461334345,0.9,0.030967741935483906,0.9054838709677421,0.0422580645161289,1.1690526609606189,0.08759788088776332,,,,,,,,,84.82144543022616,45.244094188632005
vertebral,custom_gegen,0.44650417675918264,0.037300030385647664,0.009900990099009901,0.0,0.03049311334176985,0.03393047037525841,0.009900990099009901,0.0,3.8822702788622276,2.3797096060366743,0.46577770101751714,0.18108322328969267,0.7036116153760148,0.14465545248826872,0.8171891970180876,0.10649078431793169,0.46577770101751714,0.18108322328969267,0.8171891970180876,0.10649078431793169,0.7819354838709677,0.2132258064516127,0.8029032258064517,0.20758064516129038,1.2279276077024948,0.05693223835888883,,,,,,,,,60.50286766891638,27.588199997791882
vertebral,custom_hermite,0.3639003621127129,0.04627919660354202,0.009900990099009901,0.0,0.01541237714002279,0.004079523093143923,0.009900990099009901,0.0,3.1877346937649502,0.46684892015927115,0.5175042864023895,0.053554884992899954,0.7745974564582796,0.05699888282769383,0.8961603458857448,0.05834539518017168,0.5175042864023895,0.053554884992899954,0.8961603458857448,0.05834539518017168,0.792258064516129,0.022903225806451655,0.7996774193548387,0.021451612903225947,1.137760232108934,0.036346552160763324,,,,,,,,,43.729547723656964,14.386265443015716
vertebral,linear,0.36858183643724013,0.03559522567680501,0.009900990099009901,0.0,0.05526066321409208,0.007894672326941021,0.009900990099009901,0.0,2.5855461616997184,0.16950228837022996,0.5634649765932134,0.027516053434257004,0.9072725794912726,0.03537557665340907,0.9999999999999992,4.440892098500626e-16,0.5634649765932134,0.027516053434257004,0.9999999999999992,4.440892098500626e-16,1.0,0.0,1.0,0.0,1.2030822806494235,0.04604904995432735,,,,,,,,,5.984549170200239,0.017403404145509782
vertebral,poly,0.4072755872801489,0.03537506352007924,0.009900990099009901,0.0,0.06083838370975732,0.09299629366498742,0.009900990099009901,0.0,2.8019845828489176,0.2569682635336057,0.5551346643105343,0.03192174707915019,0.8428473937021317,0.01716444356774749,0.9280062094963417,0.034864862229409654,0.5551346643105343,0.03192174707915019,0.9280062094963417,0.034864862229409654,0.9316129032258063,0.05225806451612913,0.9351612903225808,0.04370967741935461,1.2824757148630752,0.07738412745271095,,,,,,,,,36.168742988722315,24.28299163885192
vertebral,rbf,0.38005958212505575,0.049223606582956936,0.009900990099009901,0.0,0.034877090418844,0.006773880356751867,0.009900990099009901,0.0,8.066704200151406,9.07936403648016,0.280363244413615,0.18596360228303055,0.5272083061204688,0.2559369983691594,0.6551974671977628,0.2886827406282672,0.280363244413615,0.18596360228303055,0.6551974671977628,0.2886827406282672,1.0,0.0,1.0,0.0,1.114644400188043,0.08802795770869531,,,,,,,,,103.79000465462758,61.324788530929354
wine,custom_alsalam,0.6854137626780881,0.05298402536984381,0.009900990099009901,0.0,16.449524810983064,37.70395097928094,0.009900990099009901,0.0,20.927313394799796,7.558787328314857,0.15064021934714394,0.03757114771886322,0.30180525544482684,0.0627916564804536,0.3768944785015338,0.0713849602644902,0.15064021934714394,0.03757114771886322,0.3768944785015338,0.0713849602644902,0.8842696629213482,0.098314606741573,0.8803370786516854,0.08342696629213486,1.1757614167047343,0.0640077247425741,,,,,,,,,88.99774804766574,0.004866375631550568
wine,custom_gegen,0.7095453604766206,0.031170187065836075,0.009900990099009901,0.0,0.1802415135025735,0.48048166996356784,0.009900990099009901,0.0,11.012022605950676,8.673282050838733,0.24049834068470055,0.10480425647400418,0.43491234197376316,0.16483702745965323,0.5219175252987515,0.18432569505957058,0.24049834068470055,0.10480425647400418,0.5219175252987515,0.18432569505957058,0.8213483146067415,0.1078651685393257,0.8438202247191011,0.08230337078651695,1.306658758390962,0.1379271437988665,,,,,,,,,88.42112631619686,7.225576306731654
wine,custom_hermite,0.6517811694990716,0.024559038167739633,0.009900990099009901,0.0,0.030889593219934758,0.01689047403881388,0.009900990099009901,0.0,5.435197767704424,1.3156186759891213,0.3914366128359542,0.051187872502689746,0.5912372168269103,0.07772361016071971,0.6961038747570956,0.07514913371862175,0.3914366128359542,0.051187872502689746,0.6961038747570956,0.07514913371862175,0.6640449438202246,0.027528089887640328,0.6876404494382022,0.022191011235955127,1.4054015375365452,0.05874042954927616,,,,,,,,,81.96178107204979,6.956812013846772
wine,linear,0.6846008083745434,0.011208783671753264,0.009900990099009901,0.0,0.3354497840038332,0.014860337304777427,0.009900990099009901,0.0,4.367845321646195,0.39168397731241367,0.4130699434217189,0.031643830189378774,0.6977524247881859,0.018216960431807983,0.8243878926167575,0.008770425077569755,0.4130699434217189,0.031643830189378774,0.8243878926167575,0.008770425077569755,1.0,0.0,1.0,0.0,1.546838829963632,0.029035784998996172,,,,,,,,,12.99750329535154,0.00011210848059484135
wine,poly,0.6902809985694824,0.005457748158259057,0.009900990099009901,0.0,0.0881171653906788,0.03086626284883058,0.009900990099009901,0.0,5.294824663232209,0.7095695168588039,0.36844658933996677,0.031081142994315414,0.636010220539758,0.04857383641883006,0.750410278984006,0.04457233189001297,0.36844658933996677,0.031081142994315414,0.750410278984006,0.04457233189001297,0.9606741573033708,0.024157303370786698,0.9561797752808989,0.02977528089887649,1.4892601762040059,0.048566500891676245,,,,,,,,,77.26414639349962,10.760852981519093
wine,rbf,0.7022497454237787,0.023698285936488706,0.009900990099009901,0.0,0.059553390016839194,0.026791169908921345,0.009900990099009901,0.0,9.007688130247875,14.460819599708374,0.26723310547242096,0.20846192475536418,0.48702720514283715,0.3078608942540239,0.5873549023396811,0.33645355925901277,0.26723310547242096,0.20846192475536418,0.5873549023396811,0.33645355925901277,1.0,0.0,1.0,0.0,1.3450429843860832,0.29049906282097315,,,,,,,,,86.85281923586214,16.047997047629934
